smiles,label,InChIKey_from_rdkit
O=C1C(=O)N(c2ccccn2)C(c2cccc([N+](=O)[O-])c2)C1C(=O)c1ccccc1,0,OBUSGDRQTUPGRE-UHFFFAOYSA-N
[CH]1[CH][CH][C](C2([C]3[CH][CH][CH][CH]3)C=Cc3c(c4ccccc4c4ccccc34)O2)[CH]1,0,FFTLVLQCQDPRCZ-UHFFFAOYSA-N
CCCNC(=O)c1ccccc1-n1c(O)c2n(c1=O)C(c1ccccc1)c1[nH]c3ccccc3c1C2,0,AZMUIWHYIUCENU-UHFFFAOYSA-N
O=C1C2CC3C(=CCc4c3c(O)n(C3CCN(Cc5ccccc5)CC3)c4O)C(c3cc(OC(F)(F)F)ccc3O)C2(c2ccccc2)C(=O)N1c1cccc(Cl)c1,0,XEJOJCZKAIWXQR-UHFFFAOYSA-N
CCCCn1c(O)c2n(c1=O)C(c1cccc(OCc3ccccc3[N+](=O)[O-])c1)c1[nH]c3ccccc3c1C2,0,XTPQROVROSVMHD-UHFFFAOYSA-N
Cc1cc[nH+]c(NC(c2cccc(Br)c2)c2ccc3ccc(C)[nH+]c3c2O)c1,0,PZEUMJUWHZCRJQ-UHFFFAOYSA-P
Cc1[nH]c(C(=O)OCC(=O)c2ccc(Br)s2)c(C)c1C(C)O,0,SVLOWAKLCZKIRP-UHFFFAOYSA-N
CCOC(=O)C=Cc1ccccc1C1OC(c2ccccc2)C(C)N1C,0,FRZABHPEUKEVRN-UHFFFAOYSA-N
Cc1c(O)[nH]c2ccc(C(=O)COC(=O)Cc3ccc4c(c3)OCCO4)cc12,0,OEIKRTAFLAONTK-UHFFFAOYSA-N
O=C(Cn1c(O)c2n(c1=O)CCC2)Nc1ccccc1Oc1ccccc1,0,PDHWNQADWQCHBA-UHFFFAOYSA-N
COc1ccc(N=CCC(=O)c2ccc(F)cc2)c([N+](=O)[O-])c1,0,MOWBITZJGDFAIT-UHFFFAOYSA-N
CSC1=C(SCCCC(=O)O)SC(=C2SC(SC)=C(SCCCC(=O)O)S2)S1,0,IRDUNXQUFFXPTG-UHFFFAOYSA-N
N=c1nc(N2CCCCC2)cc(N)n1O,1,ZIMGGGWCDYVHOY-UHFFFAOYSA-N
CC(C)OC(=O)c1ccc(N2C(=O)C(=Nc3ccc(C(=O)Oc4ccc([N+](=O)[O-])cc4)cc3)C(Cl)C2=O)cc1,0,VNXHVLZXMMQYND-UHFFFAOYSA-N
[CH2-]c1c(C)c(C)c(C)c(C)c1C(C)=[C-]C(=O)N=C(N)N,0,MRFNFIDOFUBCQX-UHFFFAOYSA-N
COc1ccc(O)c(C2c3ccc4c(O)n(Cc5cccs5)c(O)c4c3Cc3c(O)cc(C)c(O)c32)c1,0,AMYCWZHVDLSKLX-UHFFFAOYSA-N
CCCCCCC=CCCCCCCCCOC(CN(C)CCO)OCCCCCCCCC=CCCCCCC,0,AKAIDMVOMCTREG-UHFFFAOYSA-N
N=Nc1ccc(C(=O)NC(CCC(=O)NC(CCCN=C(N)N)C(=O)NCC(=O)NC(CC(=O)O)C(=O)NC(Cc2ccccc2)C(=O)NC(CCCCN)C(=O)O)C(=O)NC(CCCNC(=N)N)C(=O)NCC(=O)NC(CC(=O)O)C(=O)NC(Cc2ccccc2)C(=O)NC(CCCCN)C(=O)O)cn1,0,PGYFFQDANABECB-UHFFFAOYSA-N
CCOC(=O)C1C(=O)C(C)(C(OC(C)=O)C(C)=O)N=C1C,0,QYSIMDJBXFGOST-UHFFFAOYSA-N
CC(OC(=O)CCn1c(O)c2ccccc2cc1=O)C(=O)Nc1ccccc1,0,OIKWUJPEQKGZTG-UHFFFAOYSA-N
Cc1cn(C2CC(O)C(COP(=O)(O)OC3CC(n4cnc5c(N)ncnc54)OC3COP(=O)(O)OC3CC(n4cnc5c(N)ncnc54)OC3COP(=O)(O)OC3CC(n4ccc(N)nc4=O)OC3COP(=O)(O)OC3CC(n4ccc(N)nc4=O)OC3COP(=O)(Oc3ccccc3)OC3CC(n4ccc(N)nc4=O)OC3COP(=O)(O)OC3CC(n4cnc5c(N)ncnc54)OC3COP(=O)(O)OC3CC(n4ccc(N)nc4=O)OC3COP(=O)(O)OC3CC(n4cnc5c(N)ncnc54)OC3COP(=O)(O)OC3CC(n4cnc5c(=O)[nH]c(N)nc54)OC3CO)O2)c(=O)[nH]c1=O,0,GQHLEVPHHNNNHD-UHFFFAOYSA-N
Oc1cc([NH2+]Cc2ccncc2)c(O)n1-c1cccc(Cl)c1,0,GVKZJLZQOIKZCX-UHFFFAOYSA-O
CC([O-])=CC(=NCCO)c1ccccc1,0,ZUTZXMNUUFGFPG-UHFFFAOYSA-M
CC(C)(C)[Si](OCC1OC(OC2C(COC(=O)c3ccccc3)OC(OC(=O)c3ccccc3)C(OC(=O)c3ccccc3)C2OC(=O)c2ccccc2)C(OC(=O)c2ccccc2)C(OCc2ccccc2)C1OC(=O)c1ccccc1)(c1ccccc1)c1ccccc1,0,HZGCCNOUFRATNP-UHFFFAOYSA-N
Cc1c(C#N)c(O)n(C(C)c2ccccc2)c(=O)c1C(=O)c1ccccc1Cl,0,JLABMJWYMTVEEA-UHFFFAOYSA-N
O=C(O)c1cc(O)c2c(c1)CCC2,0,LHPIIPJGPHEGMV-UHFFFAOYSA-N
CC(=O)SCC(Cc1ccc(NC(=O)C(=O)O)cc1)NC(=O)C(CC(=O)O)NC(=O)CCNC(=O)CBr,0,GNOLVTRTBBOELF-UHFFFAOYSA-N
CC=C1c2cc(OC)c(OC)cc2CCN1C(=O)c1cc(OC)c(OC)cc1Br,0,DDGFWCBBPYYMEI-UHFFFAOYSA-N
O=C(CCn1c(O)c2c(c1O)CC=CC2)Nc1ccccc1N1CCOCC1,0,UMDRCLBDJRDOAU-UHFFFAOYSA-N
O=C1C(=C2CC(c3ccccc3)C(c3cccs3)N=N2)C(=O)c2ccccc21,0,XMFWIGKFKHLXRQ-UHFFFAOYSA-N
O=C1c2ccccc2C(=O)C12OC(C=Cc1ccccc1)c1c2c(O)n(-c2ccc(F)cc2)c1O,0,CHWQHHNPERAIHT-UHFFFAOYSA-N
CC(C)c1[nH]c(=O)n(Cc2cccc(C(F)(F)F)c2)c1O,0,LYXCAUAJFSXHIW-UHFFFAOYSA-N
Cc1cn(C2CC(CO)C(OP(=O)(O)OCC3OC(n4cnc5c(N)ncnc54)CC3O)O2)c(=O)[nH]c1=O,1,XPAOKCSHUNYPBS-UHFFFAOYSA-N
O=C(CCn1[nH]c(=O)c2ccccc2c1=O)OC(C(=O)N1CCCC1)c1ccccc1,0,QDAFAXBRVATTHQ-UHFFFAOYSA-N
C=CCOc1ccc(C2C(C(=O)c3cc4cccc(OC)c4o3)C(=O)C(=O)N2Cc2ccco2)cc1OCC,0,DZHAIRVXEKWZSE-UHFFFAOYSA-N
CCOC(=O)C1=C(C)N=c2sc(=Cc3ccc[nH+]c3)c(=O)n2C1c1c(OC)ccc2ccc(OC)cc12,0,HEFGBKPDJXJDOP-UHFFFAOYSA-O
CC1=CCCC(CC(C(=O)O)S(=O)(=O)c2ccccc2)C1=O,0,NQEVYWZKCLAUPR-UHFFFAOYSA-N
C=c1[nH]n(-c2ccc(C)c(C)c2)c(=O)c1=CNc1ccc(S(=O)(=O)[N-]c2ccc(C)cc2)cc1OC,0,MBSDLJKHGRVZKE-UHFFFAOYSA-N
CCC12CCC1OB(C)O2,0,VNCHNWMPGGPVBU-UHFFFAOYSA-N
CCc1ccc(N2CC(C)C[n+]3c2[nH]c2c3c(=O)n(Cc3ccccc3F)c(=O)n2C)cc1,0,NGWPBFWAWMCURL-UHFFFAOYSA-O
C(CS(=O)(=O)O)S,0,ZNEWHQLOPFWXOF-UHFFFAOYSA-N
CCNC(=O)OC(c1c(OC)cc(OC)c(C(=O)CC(C)C)c1O[Si](C)(C)C(C)(C)C)C1CC2CC(C1=CS(=O)(=NC(CO[Si](C)(C)C(C)(C)C)C(C)C)c1ccc(C)cc1)C2(C)C,0,XKQUDVDRMQMJAU-UHFFFAOYSA-N
CCOC(=O)C=C(CCc1ccccc1)C(=O)OCC,0,WNZRONSNLCLVAW-UHFFFAOYSA-N
CCOc1ccc2nc(Sc3cc(O)n(-c4ccc(OC)cc4)c3O)nc(C)c2c1,0,MLVJNITXGYGPMG-UHFFFAOYSA-N
O=C([O-])CCCn1c(O)c2c(c1O)CC=CC2,0,YUNNIFZBUCIEOJ-UHFFFAOYSA-M
CCOc1ccc(-n2c(O)cc([NH2+]C3CCCC3)c2O)cc1,0,JIQCMBJNMWISJO-UHFFFAOYSA-O
CCOP(=S)(NN=CC=NNP(=S)(OCC)OCC)OCC,0,HLNPWOGXLHGZQA-UHFFFAOYSA-N
CC12CCCC1C1CC3=CCCC(C)(C3=O)C1CC2,0,SFAQAKUJZLMBDP-UHFFFAOYSA-N
COc1cccc2cc(C(=O)C3C(=O)C(=O)N(CC[NH+](C)C)C3c3cccc(Cl)c3)oc12,0,JPAOPOBZDZZIOR-UHFFFAOYSA-O
O=C(C=C([O-])c1ccccc1)C(F)(F)C(F)(F)C(F)(F)C(F)(F)C(F)(F)C(F)F,0,AADWYZNWIGPLJD-UHFFFAOYSA-M
COc1cc(C(=O)N=NC(=O)CCc2sccc2C)ccc1OC(C)C,0,LXJMRKFPQNTLOU-UHFFFAOYSA-N
CCCCC(=O)C1CCCC1=CSc1ccccc1,0,LKFHVBUYOVZNQU-UHFFFAOYSA-N
CCc1ccc(NC(=O)Cn2nnc3c(O)n(-c4ccc(C(C)C)cc4)c(O)c32)cc1,0,CZGWNBMYNOGTRP-UHFFFAOYSA-N
COc1ccc(N2C(=O)C(=Nc3cc(C(=O)Nc4ccc(C)cc4C)ccc3C)C(Cl)C2=O)cc1,0,BCKIJCCZGSQXNU-UHFFFAOYSA-N
O=C1c2c(Cl)c(Cl)c(Cl)c(Cl)c2C(=O)C1c1ccc2cc([N+](=O)[O-])ccc2n1,0,ZVOHJNQASXCTJP-UHFFFAOYSA-N
C=CCn1nnnc1SCC1=C(C(=O)O)N2C(=O)C(=NC(=O)C(NOCC(F)(F)F)c3nsc(N)n3)C2SC1,0,XIRDQHJMGRAEFU-UHFFFAOYSA-N
[P],1,OAICVXFJPJFONN-UHFFFAOYSA-N
COC(=O)C1C(C)=Nc2onc(C)c2C1c1ccccc1,0,LTBGRKLXJQNRMD-UHFFFAOYSA-N
CC1=NC(C)=C(C(=O)O)C(c2cccc(NC(=S)NC#N)c2)C1C(=O)O,0,NOESITOIBZNSKY-UHFFFAOYSA-N
NCC(O)CC(Cc1ccccc1)C(=O)O,0,UVNXNNQEEXRLLU-UHFFFAOYSA-N
CCCCCC(F)C=CC1C(O)CC2OC(=CCCCC(=O)O)CC21,0,CNWBGWNEHGHWLP-UHFFFAOYSA-N
COC1c2cc(Br)ccc2CCC1O,0,AUVBUESKMKDCGL-UHFFFAOYSA-N
COC(=O)C1=C(C)N=C(C)C(C(=O)OCCN2CCN(C(c3ccccc3)c3ccccc3)CC2)C1c1cccc(Cl)c1Cl,0,GHKUUHRIQRYYSJ-UHFFFAOYSA-N
COc1cccc2c(O)c3c(c(O)c12)C(=O)C1=C(CC(O)(C(=O)CO)CC1OC1CC(N2CCOCC2)C(O)C(C)O1)C3=O,0,BHKVNYROXZLQFO-UHFFFAOYSA-N
Cc1cn(C2OC(COP(=O)(O)OP(=O)(O)OP(=O)(O)O)C(O)C2(C)O)c2ncnc(N)c12,0,JGOJEJGOSSFRNN-UHFFFAOYSA-N
CCOC(=O)C1(C)[NH2+]C(c2ccccc2C)c2c1c(O)n(-c1cccc(OC)c1)c2O,0,PIDJAZNYQRTTJU-UHFFFAOYSA-O
Oc1oc(O)c2c1C1(SC23C2CC4CC(C2)CC3C4)C2CC3CC(C2)CC1C3,0,MTLWWGRFPWQNTO-UHFFFAOYSA-N
CCCCC(=CC(=Cc1cccnc1)C1CCN(C(=O)N(c2ccccc2)c2ccccc2)CC1)C(=O)O,0,MKGCJTOHSILLPM-UHFFFAOYSA-N
COc1ccc2c3c1OC1C(=NNC(N)=S)C=CC4C(C2)N(C)CCC314,0,KPZJGNFSGQUGRI-UHFFFAOYSA-N
[c-]1cccc(-c2cncnc2)c1,0,VICHPXBQRBMEEL-UHFFFAOYSA-N
CCc1ccc(-n2c(O)cc(-c3c(C)[nH]n(-c4nc5ccccc5o4)c3=O)c2O)cc1,0,XZBKLMHLEAMYBK-UHFFFAOYSA-N
Oc1c2c(c(O)n1CCC(OCC1CCCCC1)N1CCN(c3ccccn3)CC1)C1C=CC2C1,0,YOGOECHUSOSGSH-UHFFFAOYSA-N
N#CC1C(=N)Oc2c(c(=O)[nH]c3ccccc23)C1c1cccc2ccccc12,0,SLRBVGHJOJYBGV-UHFFFAOYSA-N
COc1ccc(C2CC([C]3[CH][CH][CH]C3)=Nc3nncn32)cc1,0,KWJWFKUODRUUML-UHFFFAOYSA-N
O=C(Cc1sc(-c2ccc(O)cc2)nc1O)Nc1ccc(OC(F)(F)F)cc1,0,MNJATISBADJCKR-UHFFFAOYSA-N
CCC(c1ccc(Cl)cc1)c1c(O)oc(C)c1O,0,FEJRDUNQELGKLM-UHFFFAOYSA-N
C=CC[N+]1=C(C=CC=C2SC(c3ccccc3)=C(c3ccccc3)N2CC)SC(=CC=C2C=CN(CC)c3ccccc32)C1=O,0,AKKPBUXXGNZLNO-UHFFFAOYSA-N
N=C1N=C(N)NC(=O)C1(CCO)CCO,0,HACRYUIHNOTDEH-UHFFFAOYSA-N
CC1(C)C=C2C(C(=O)C1)C(c1cccc(Cl)c1)C(C#N)C(=N)N2c1cccc(C(F)(F)F)c1,0,ARRVZSGLLNTMAK-UHFFFAOYSA-N
O=C(O)C(CCCC=Cc1cccnc1)(c1ccccc1)c1ncco1,0,YHXQSAHHJSQJRY-UHFFFAOYSA-N
COC(=O)C=CC1Oc2cc(Cl)cc(Cl)c2N1C(=O)c1ccc([N+](=O)[O-])cc1,0,HZRYWAYLIZQZSI-UHFFFAOYSA-N
Cc1ccc(C(=O)C2C(=O)C(=O)N(Cc3cccnc3)C2c2ccc(Cl)cc2Cl)cc1,0,OQPKSEXFVJEUKR-UHFFFAOYSA-N
Cn1c(=O)c2c(O)c(C=NOCCOc3cccc(C(F)(F)F)c3)oc2n(C)c1=O,0,DSOZUCNJDHFPQE-UHFFFAOYSA-N
Oc1cc(N2CCC(n3nnc(-c4cccs4)n3)CC2)c(O)n1-c1ccc2ccccc2c1,0,KATWEZDUMGOQFX-UHFFFAOYSA-N
CCC(=O)OC1(C(=O)SCF)C(C)CC2C3CC(F)C4=CC(=O)C=CC4(C)C3(F)C(O)CC21C,1,WMWTYOKRWGGJOA-UHFFFAOYSA-N
CCC1CO1,1,RBACIKXCRWGCBB-UHFFFAOYSA-N
CC(C)CN1C(=O)C(=O)N(CC(=O)NC(Cc2ccccc2)c2ccccc2)C1=O,0,RDZHSYLHKUYLNZ-UHFFFAOYSA-N
CC(C)[NH+](CCNC(=O)COc1ccc(C(=O)c2ccccc2)cc1)C(C)C,0,WPJSESPMZOCNNU-UHFFFAOYSA-O
CCCCCC1=C(c2ccc(OC)c(S(=O)(=O)N(C)C)c2)c2cc(S(=O)(=O)N(C)C)c(OC)cc2S1(=O)=O,0,WMONNNNAGIPPLU-UHFFFAOYSA-N
CSc1cccc(C(=O)Nc2nc3ccc(F)cc3s2)c1,0,NDZJSTUQIFKLFN-UHFFFAOYSA-N
NC(CO)C(=O)N1CCCC1C(=O)NC(CS)C(=O)NC(CC(=O)O)C(=O)O,0,GKPFZANCFXEORQ-UHFFFAOYSA-N
CCCCCOC(=O)Nc1nc(=O)n(C2OC(C)C(O)C2O)cc1F,1,GAGWJHPBXLXJQN-UHFFFAOYSA-N
CC(C(=O)O)c1ccc(C(=O)c2ccccc2)s1,1,GUHPRPJDBZHYCJ-UHFFFAOYSA-N
CC(C)=CCCC(C)=CCCC(C)=CCCC(C)=CCC1=C(C)C(=O)c2ccccc2C1=O,1,DKHGMERMDICWDU-UHFFFAOYSA-N
NC(=O)N1c2ccccc2C=Cc2ccccc21,1,FFGPTBGBLSHEPO-UHFFFAOYSA-N
CC1CC[N+](C)(CCC(=O)Nc2ccc3c(c2)C(=O)c2cc(NC(=O)CC[N+]4(C)CCC(C)CC4)ccc2-3)CC1,0,ZYOATRUUDGVMLS-UHFFFAOYSA-P
CC(C(=O)O)c1ccc(CC2CCCC2=O)cc1,1,YMBXTVYHTMGZDW-UHFFFAOYSA-N
CCC1OC(=O)C(C)C(OC2CC(C)(OC)C(O)C(C)O2)C(C)C(OC2OC(C)CC(N(C)C)C2O)C(C)(OC)CC(C)C(=O)C(C)C(O)C1(C)O,1,AGOYDEPGAOXOCK-UHFFFAOYSA-N
c1ccc(CN2CC3CCCC(C2)N3CCCN2CCOCC2)cc1,0,WPXREQWVDWSFOI-UHFFFAOYSA-N
CN(CCC=O)N=O,1,CQGSPCLZUXSVHE-UHFFFAOYSA-N
Cn1c(Cn2ccc(C(F)(F)F)c(Oc3cc(Cl)cc(C#N)c3)c2=O)n[nH]c1=O,1,ZIAOVIPSKUPPQW-UHFFFAOYSA-N
CC1CCCC(C)N1C(=O)CN1C(=O)c2cc(Cl)c(Cl)cc2C1=O,0,FHQFSSJTOREFSY-UHFFFAOYSA-N
CC(C(=O)Nc1sc2c(c1C#N)CCCCC2)[NH+]1CCOCC1,0,AFLILQVYIMBBEJ-UHFFFAOYSA-O
COc1ccc(C(CN(C)C)C2(O)CCCCC2)cc1,1,PNVNVHUZROJLTJ-UHFFFAOYSA-N
O=C(NN=Cc1ccc(Br)c([N+](=O)[O-])c1O)c1ccc(Cl)cc1,0,OQXZHBPMXQOECW-UHFFFAOYSA-N
CCCCCN(C(=O)C=Cc1ccc([N+](=O)[O-])cc1)C(C)c1nc2ccccc2c(=O)n1-c1ccccc1OC,0,DQZMLTAFRPWDJB-UHFFFAOYSA-N
Cc1nc2c(SCC(=O)N3CCCCCC3)nnc(-c3ccc(F)cc3)c2s1,0,AOYGUMCOBKHNJS-UHFFFAOYSA-N
CCCCCc1cc(O)c2c(c1)OC(C)(C)C1CCC(C)=CC21,1,CYQFCXCEBYINGO-UHFFFAOYSA-N
C=C(NOCC(=O)N=Nc1c(O)[nH]c2ccccc12)c1cccs1,0,JOUHHLQJAVEOSK-UHFFFAOYSA-N
Cc1ccc(C2OC(CO)C(O)C(O)C2O)cc1Cc1ccc(-c2ccc(F)cc2)s1,1,XTNGUQKDFGDXSJ-UHFFFAOYSA-N
Cc1c(C(=O)NCc2ccco2)oc2c1C(=NNc1ccccc1)CC(C)(C)C2,0,ONVVUBNCDKPRPU-UHFFFAOYSA-N
Cc1ccc(N(C(C)C(=O)Nc2ccc(I)cc2)S(C)(=O)=O)cc1C,0,BVMOHLDWHUTXLR-UHFFFAOYSA-N
O=C1Nc2ccc(Cl)cc2C(C#CC2CC2)(C(F)(F)F)O1,1,XPOQHMRABVBWPR-UHFFFAOYSA-N
[H]C([H])([H])C([H])([H])CCCC(=O)CCO,0,VGFJNJIGFHOBEJ-UHFFFAOYSA-N
Nc1ccn(C2CCC(CO)O2)c(=O)n1,1,WREGKURFCTUGRC-UHFFFAOYSA-N
Nc1ccncc1,1,NUKYPUAOHBNCPY-UHFFFAOYSA-N
CC1COc2c(N3CCN(C)CC3)c(F)cc3c(=O)c(C(=O)O)cn1c23,1,GSDSWSVVBLHKDQ-UHFFFAOYSA-N
COc1ccc2cc(C(C)C(=O)O)ccc2c1,1,CMWTZPSULFXXJA-UHFFFAOYSA-N
COc1ccc(Cn2nnnc2SCC(=O)N(C2CCCCC2)C2CCS(=O)(=O)C2)cc1,0,LCZPPPIXGYCRSF-UHFFFAOYSA-N
Cc1ccc(S(=O)(=O)N=c2sc3c(C)ccc(C)c3n2C)cc1,0,GOBMONLCMJJBEG-UHFFFAOYSA-N
O=C(Nc1ccc([N+](=O)[O-])cc1[N+](=O)[O-])c1cc(-c2ccccc2)nc2ccccc12,0,OXQUVFBFGVTMGO-UHFFFAOYSA-N
CC(C)(C)NC(=O)C1CC2CCCCC2CN1CC(O)C(Cc1ccccc1)NC(=O)C(CC(N)=O)NC(=O)c1ccc2ccccc2n1,1,QWAXKHKRTORLEM-UHFFFAOYSA-N
O=C(O)C(O)CCCCCCCCCCCCCC(O)O,0,IJBFCIWULVHRPT-UHFFFAOYSA-N
Cc1cccc(C)c1OCC(C)N,1,VLPIATFUUWWMKC-UHFFFAOYSA-N
COc1cc(C(=O)ON=C2CCCc3c2ccc(OC)c3[N+](=O)[O-])cc(OC)c1OC,0,LFIRTRQMMKUPNZ-UHFFFAOYSA-N
CCC(C)C(NC(=O)C(C)(C)NC(=O)C(CCC(N)=O)NC(=O)OCc1ccccc1)C(=O)NC(C)(C)C(=O)NCC(=O)NC(CC(C)C)C(=O)NC(C)(C)C(=O)OCC(=O)c1ccccc1,0,NIWATHAYVVMPOX-UHFFFAOYSA-N
CC(c1ncncc1F)C(O)(Cn1cncn1)c1ccc(F)cc1F,1,BCEHBSKCWLPMDN-UHFFFAOYSA-N
Cc1ccc2c(COC(=O)C3(c4ccc(Cl)cc4)CCCC3)cc(=O)oc2c1,0,GQYZOUBYGWVOAO-UHFFFAOYSA-N
CN=C(NC#N)NCCSCc1nc[nH]c1C,1,AQIXAKUUQRKLND-UHFFFAOYSA-N
C=C1CCC(O)CC1=CC=C1CCCC2(C)C1CCC2C(C)C=CC(C)C(C)C,1,MECHNRXZTMCUDQ-UHFFFAOYSA-N
Cc1ccnc2c1NC(=O)c1cccnc1N2C1CC1,1,NQDJXKOVJZTUJA-UHFFFAOYSA-N
O=C(OC1CC2CC3CC(C1)N2CC3=O)c1c[nH]c2ccccc12,1,UKTAZPQNNNJVKR-UHFFFAOYSA-N
CCC=CCC=CCC=CCC=CCC=CCC=CCCC(=O)O,1,MBMBGCFOFBJSGT-UHFFFAOYSA-N
COc1ccc(Cl)cc1N=C(N=c1nc(C)cc(C)[nH]1)NS(=O)(=O)c1ccc(Br)cc1,0,AMSIQVYFDAHLLG-UHFFFAOYSA-N
O=C(COC(=O)c1ccccc1SCC1CCCO1)c1ccc2c(c1)OCCO2,0,MSOFVLFSTRFXGM-UHFFFAOYSA-N
CCCCCCCCOc1cnc(-c2ccc(CCCCCCCC)cc2)c(Cl)c1,0,QEURYCHGGQRLOU-UHFFFAOYSA-N
O=C(NP(=O)(N1CC1)N1CC1)c1cccc(F)c1,0,UVWOMNGRMYOHOB-UHFFFAOYSA-N
Cc1c(CNCc2cccnc2)cnn1C,0,PKBZSUPCZKWVAC-UHFFFAOYSA-N
O=[N+]([O-])c1ccc(-c2nc(-c3ccccc3)sc2-c2ccccc2)cc1,0,VYMLFCWKALOPJR-UHFFFAOYSA-N
CCOc1ccc(-c2cc(C(=O)NCCN3CCOCC3)c3cc(C)ccc3n2)cc1,0,LGEYHGWBUGNYIP-UHFFFAOYSA-N
CC(=O)CC(c1ccccc1)c1c(O)c2ccccc2oc1=O,1,PJVWKTKQMONHTI-UHFFFAOYSA-N
CC(C)NCC(O)COc1ccc(COCCOC(C)C)cc1,1,VHYCDWMUTMEGQY-UHFFFAOYSA-N
CC(Cl)C(=O)N(C)c1cc2ccc1CCc1ccc(cc1)CC2,0,QIFIPDCNSMYOHQ-UHFFFAOYSA-N
C[N+](C)(C)CCCl,1,JUZXDNPBRPUIOR-UHFFFAOYSA-N
Cc1cc(O)c(O)cc1C(=O)OCC(O)CNC(C)(C)CNC(=O)C1CCOCC1,0,WMFDDZMLZPLOCW-UHFFFAOYSA-N
CC(C)OC(=O)CSc1nnc2n1C(C)(C)Cc1ccccc1-2,0,WLTMKDSPNQYZMV-UHFFFAOYSA-N
NS(=O)(=O)c1ccc(N2CCCCS2(=O)=O)cc1,1,HMHVCUVYZFYAJI-UHFFFAOYSA-N
CCCC1CC(C(=O)NC(C(C)Cl)C2OC(SC)C(O)C(O)C2O)N(C)C1,1,KDLRVYVGXIQJDK-UHFFFAOYSA-N
C=CC(N)[Si](CC)(CC)CC,0,WVYIZNXWTQCZTI-UHFFFAOYSA-N
CN(Cc1cnc2nc(N)nc(N)c2n1)c1ccc(C(=O)NC(CCC(=O)O)C(=O)O)cc1,1,FBOZXECLQNJBKD-UHFFFAOYSA-N
Cc1c(CCN)ccc2c1[nH]c1ccccc12,0,KWWNXSRNIRBVLC-UHFFFAOYSA-N
O=C(Cc1csc(SCc2ccc(Cl)cc2Cl)n1)Nc1ccc(Cl)cc1,0,ADOSBGUGQXKIGV-UHFFFAOYSA-N
Cc1c(C)c(C)[c-](C)c1C,0,GPVVSRKZVHQKIX-UHFFFAOYSA-N
COc1c(C)c2c(c(O)c1CC=C(C)CCC(=O)OCCN1CCOCC1)C(=O)OC2,1,RTGDFNSFWBGLEC-UHFFFAOYSA-N
COc1ccccc1CCNC(=O)COC(=O)c1csc(-c2ccc(F)cc2)n1,0,GFTUQQNNCRFNQY-UHFFFAOYSA-N
CC(C)OC(=O)C(C)NP(=O)(COC(C)Cn1cnc2c(N)ncnc21)Oc1ccccc1,1,LDEKQSIMHVQZJK-UHFFFAOYSA-N
Fc1ccc2c(c1)CC(CI)O2,0,OCRUXSUOYMWUSZ-UHFFFAOYSA-N
OCC12CCCC1C1C=CC2O1,0,HSIJEJAHBNRQRN-UHFFFAOYSA-N
CCN(CC)CC(=O)Nc1c(C)cccc1C,1,NNJVILVZKWQKPM-UHFFFAOYSA-N
COc1cc(C=NNC(=O)C(C)Nc2ccc3ccccc3c2)ccc1O,0,UKDNSXLVUNCBGL-UHFFFAOYSA-N
COc1cc2c(cc1OC)C(=O)C(CC1CCN(Cc3ccccc3)CC1)C2,1,ADEBPBSSDYVVLD-UHFFFAOYSA-N
CCc1cccc(CC)c1N(COC)C(=O)CCl,1,XCSGPAVHZFQHGE-UHFFFAOYSA-N
Cc1ccccc1CN(C)CC(=O)Nc1ccc(CC#N)cc1,0,WJQVKXXYYUSRLL-UHFFFAOYSA-N
O=C(Oc1ccccc1C(=O)O)c1ccccc1O,1,WVYADZUPLLSGPU-UHFFFAOYSA-N
CCc1cc2c(cc1CC)CC(NCC(O)c1ccc(O)c3[nH]c(=O)ccc13)C2,1,QZZUEBNBZAPZLX-UHFFFAOYSA-N
Cc1c(NC(=O)c2cccnc2)cccc1-c1nc2ccccc2o1,0,ANFIKOHPXPQXLW-UHFFFAOYSA-N
CNCCC(Oc1ccc(C(F)(F)F)cc1)c1ccccc1,1,RTHCYVBBDHJXIQ-UHFFFAOYSA-N
O=C(Nc1nc(-c2ccc(F)c(F)c2)cs1)C1CCN(S(=O)(=O)c2ccc3c(c2)OCCO3)CC1,0,KTCNNDXLBDDFFC-UHFFFAOYSA-N
COc1ccc(CCNC(=O)CC(c2ccccc2)c2ccccc2)cc1OC,0,JYFNCZIZBCERDI-UHFFFAOYSA-N
Nc1c(O)cccc1C(=O)O,1,WJXSWCUQABXPFS-UHFFFAOYSA-N
O=C([O-])c1cccc(NC(=O)c2ccc(C(F)(F)F)cc2)c1,0,QMSPGJHRRUWFCE-UHFFFAOYSA-M
O=C(O)CN(CCN(CC(=O)O)C(Cc1ccccc1)C(=O)O)CC(=O)O,0,UBSFJCPIWSELPN-UHFFFAOYSA-N
O=C(O)c1cc(O)c2c(c1)C(C1c3cc(C(=O)O)cc(O)c3C(=O)c3c(OC4OC(CO)C(O)C(O)C4O)cccc31)c1cccc(OC3OC(CO)C(O)C(O)C3O)c1C2=O,1,IPQVTOJGNYVQEO-UHFFFAOYSA-N
CC1OC2(CS1)CN1CCC2CC1,1,WUTYZMFRCNBCHQ-UHFFFAOYSA-N
CC(C)NCC(O)COc1cccc2ccccc12,1,AQHHHDLHHXJYJD-UHFFFAOYSA-N
Cn1cnc([N+](=O)[O-])c1Sc1ncnc2nc[nH]c12,1,LMEKQMALGUDUQG-UHFFFAOYSA-N
COCOc1cc(OCOC)c(C(=O)C2OC2c2ccc(OC)c(OC)c2)c(OCOC)c1,0,ALFDZOKTECBBBS-UHFFFAOYSA-N
CCOC(=O)COc1ccc2c(=O)c(Oc3ccc(OCC)cc3)c(C)oc2c1,0,IJOGFLLGMNEURV-UHFFFAOYSA-N
CCC1(O)CC2CN(CCc3c([nH]c4ccccc34)C(C(=O)OC)(c3cc4c(cc3OC)N(C=O)C3C(O)(C(=O)OC)C(OC(C)=O)C5(CC)C=CCN6CCC43C65)C2)C1,1,OGWKCGZFUXNPDA-UHFFFAOYSA-N
CCCCOCN(C(=O)CCl)c1c(CC)cccc1CC,1,HKPHPIREJKHECO-UHFFFAOYSA-N
O=C(F)c1ccc(Sc2ccc(-c3ccccc3)cc2)cc1,0,PGHWNNREGRXYOH-UHFFFAOYSA-N
CC1CO1,1,GOOHAUXETOMSMM-UHFFFAOYSA-N
CC1=C(C(=O)O)N2C(=O)C(NC(=O)C(N)c3ccccc3)C2SC1,1,ZAIPMKNFIOOWCQ-UHFFFAOYSA-N
Cc1cccc(C)c1N,1,UFFBMTHBGFGIHF-UHFFFAOYSA-N
O=C(O)CC(Sc1nc2cccnc2[nH]1)C(=O)c1ccc(Cl)cc1,0,XGRNJHJTFRNYMP-UHFFFAOYSA-N
COc1ccc2c(c1)c(CC(=O)O)c(C)n2C(=O)c1ccc(Cl)cc1,1,CGIGDMFJXJATDK-UHFFFAOYSA-N
CC(C)CC(N)C(=O)NC(Cc1c[nH]c2ccccc12)C(=O)NC(C(=O)NC(CC(N)=O)C(=O)O)C(C)O,0,MZBXDSSRFTXGEC-UHFFFAOYSA-N
CC(=O)OCC(=O)C1(O)CCC2C3CCC4=CC(=O)C=CC4(C)C3C(O)CC21C,1,LRJOMUJRLNCICJ-UHFFFAOYSA-N
C(=NNc1ncnc2[nH]cnc12)c1cccnc1,0,OYHLLEIHNUZMHX-UHFFFAOYSA-N
CCCCCCCCCCC(=O)OC1CCC2C3CCC4=CC(=O)CCC4(C)C3CCC12C,1,UDSFVOAUHKGBEK-UHFFFAOYSA-N
COc1ccc2c(c1)C13CCCCC1C(C2)N(C)CC3,1,MKXZASYAUGDDCJ-UHFFFAOYSA-N
Nc1ccn(C2OC(CO)C(O)C2O)c(=O)n1,1,UHDGCWIWMRVCDJ-UHFFFAOYSA-N
COc1ccc2c3c1OC1C(=O)CCC4(O)C(C2)N(C)CCC314,1,BRUQQQPBMZOVGD-UHFFFAOYSA-N
OC(Cn1cncn1)(Cn1cncn1)c1ccc(F)cc1F,1,RFHAOTPXVQNOHP-UHFFFAOYSA-N
CC(=O)Nc1ccc(O)cc1,1,RZVAJINKPMORJF-UHFFFAOYSA-N
CC(Oc1ccccc1Br)C(=O)NN=Cc1cccc(F)c1,0,MDHVVNYVILULEH-UHFFFAOYSA-N
CC1CC2C3CCC4=CC(=O)C=CC4(C)C3(F)C(O)CC2(C)C1C(=O)CO,1,VWVSBHGCDBMOOT-UHFFFAOYSA-N
Nc1ccc(S(=O)(=O)Nc2ccccn2)cc1,1,GECHUMIMRBOMGK-UHFFFAOYSA-N
CC(C)C(C)NC(=O)COC(=O)C(C)N1C(=O)c2ccccc2C1=O,0,FYWCAESNBUYSFX-UHFFFAOYSA-N
CCC(C)OC(=O)COc1ccc2c(=O)c(-c3ccc(Cl)cc3)coc2c1,0,ZJZWWNQYHZKRJH-UHFFFAOYSA-N
CCCCn1c(SCC(=O)NC(CC)c2ccc(C)cc2)nc2ccccc2c1=O,0,IQCPZEACJMGFNR-UHFFFAOYSA-N
CN(C)C(=O)Oc1ccc[n+](C)c1,1,RVOLLAQWKVFTGE-UHFFFAOYSA-N
CC(C)CCCC(C)C1CCC2C3=C(CCC21C)C1(C)CCC(O)CC1CC3,1,QETLKNDKQOXZRP-UHFFFAOYSA-N
CC1CC2C(C(O)CC3(C)C2CCC3(O)C(=O)COC(=O)CCC(=O)O)C2(C)C=CC(=O)C=C12,1,IMBXEJJVJRTNOW-UHFFFAOYSA-N
Fc1c(F)c(C2(C3[B][B][B][B][B]3)[B][B][B][B][B]2)c(F)c(F)c1C1[B][B][B][B][B][B][B]B2[B]C2(c2ccccc2)[B]1,0,QRBRGWBURFWFHC-UHFFFAOYSA-N
C[N+]12CCC(CC1)C(OC(=O)C(O)(c1ccccc1)c1ccccc1)C2,1,HOOSGZJRQIVJSZ-UHFFFAOYSA-N
CC(=O)c1ccc(NC(=O)C(C)N2CC(C)CC(C)C2)cc1,0,OEIMHDVUYJHLGO-UHFFFAOYSA-N
CC(Sc1n[nH]c(N)n1)C(=O)NCCc1ccc(F)cc1,0,MEHXGEVGZSSNFC-UHFFFAOYSA-N
COc1ccc(-c2cc(C(=O)Nc3sc4c(c3C(=O)OC(C)C)CCCC4)c3ccccc3n2)c(OC)c1,0,XKWNUWKQZMBGHI-UHFFFAOYSA-N
COc1ccnc(C[S+]([O-])c2nc3cc(OC(F)F)ccc3[nH]2)c1OC,1,IQPSEEYGBUAQFF-UHFFFAOYSA-N
CCOc1cc(CNCCc2ccccc2)cc(Br)c1OCc1ccc(F)cc1,0,ITVUOBFPSXYHPH-UHFFFAOYSA-N
Cc1ccc(-c2ncc(Cl)cc2-c2ccc(S(C)(=O)=O)cc2)cn1,1,MNJVRJDLRVPLFE-UHFFFAOYSA-N
CC(C)N1CCC(C=CC(=O)Nc2c(C(=O)Nc3ccc(Cl)cn3)oc3ccccc23)CC1,0,CYSWAVCMLOSXAL-UHFFFAOYSA-N
Cn1c(CNc2ccc(C(=N)N)cc2)nc2cc(C(=O)N(CCC(=O)O)c3ccccn3)ccc21,1,YBSJFWOBGCMAKL-UHFFFAOYSA-N
C(=NNc1nc2ccccc2s1)c1ccc(-c2ccccc2)cc1,0,DKOXITYVOXJLAK-UHFFFAOYSA-N
Cn1c(=O)c2c(ncn2C)n(C)c1=O,1,RYYVLZVUVIJVGH-UHFFFAOYSA-N
CC(C=Cc1ccccc1)CC=CC(C)CC1(C)CC(C)O1,0,KDUKARUZPLDEGI-UHFFFAOYSA-N
CC12C=CC(=O)C=C1CCC1C3CC(O)C(O)(C(=O)CO)C3(C)CC(O)C12F,1,GFNANZIMVAIWHM-UHFFFAOYSA-N
CC12C=CC(=O)C=C1CCC1C2C(=O)CC2(C)C1CCC2(O)C(=O)CO,1,XOFYZVNMUHMLCC-UHFFFAOYSA-N
CCCNC(=O)CN(C)C(=S)Nc1ccc(C(C)=O)cc1,0,SJMRDICFBUZEMF-UHFFFAOYSA-N
Nc1ccc(O)c(C(=O)O)c1,1,KBOPZPXVLCULAV-UHFFFAOYSA-N
COc1ccc(C2C=C(c3c(OC(C)=O)ccc4ccccc34)NN2C(C)=O)cc1,0,KBLQXNVDZXXKMH-UHFFFAOYSA-N
N=C(N)NCCCC(NC(=O)C(N)Cc1ccc(O)cc1)C(=O)NC(Cc1c[nH]cn1)C(=O)NC(CCCCN)C(=O)O,0,ZMQWIEHWTXCHTQ-UHFFFAOYSA-N
COc1ccc(NC(=O)c2ncc3ccccc3n2)cc1,0,QMRQYDPSZLAPSM-UHFFFAOYSA-N
Cc1ccc(-n2ncc3c(=O)n(CC(=O)NC4CCCC4)cnc32)cc1,0,UEDOMNICIYXVTD-UHFFFAOYSA-N
CCOC(=O)c1cc(-c2ccccc2)c[nH]1,0,LZIPFRQBFFKOTK-UHFFFAOYSA-N
CCOC(=O)C1(c2ccccc2)CCN(C)CC1,1,XADCESSVHJOZHK-UHFFFAOYSA-N
COC(=O)C1C2CC3c4[nH]c5cc(OC)ccc5c4CCN3CC2CC(OC(=O)C=Cc2cc(OC)c(OC)c(OC)c2)C1OC,1,SZLZWPPUNLXJEA-UHFFFAOYSA-N
COc1ccccc1OCC(O)COC(N)=O,1,GNXFOGHNGIVQEH-UHFFFAOYSA-N
CCC1=CC2CN(C1)Cc1c([nH]c3ccccc13)C(C(=O)OC)(c1cc3c(cc1OC)N(C)C1C(O)(C(=O)OC)C(OC(C)=O)C4(CC)C=CCN5CCC31C54)C2,1,GBABOYUKABKIAF-UHFFFAOYSA-N
Nc1nc(NCCCCOc2ccccc2)cc(C(F)(F)F)n1,0,ICOVYQSHZKZVOK-UHFFFAOYSA-N
NC(=O)N1c2ccccc2CC(=O)c2ccccc21,1,CTRLABGOLIVAIY-UHFFFAOYSA-N
CCC(=O)OCC(=O)C1(OC(=O)CC)C(C)CC2C3CCC4=CC(=O)C=CC4(C)C3(Cl)C(O)CC21C,1,KUVIULQEHSCUHY-UHFFFAOYSA-N
Nc1ccc(N=Nc2ccccc2)c(N)n1,1,QPFYXYFORQJZEC-UHFFFAOYSA-N
O=C(OCCN1CCOCC1)c1cccnc1Nc1cccc(C(F)(F)F)c1,1,LDXSPUSKBDTEKA-UHFFFAOYSA-N
O=C(O)c1cc(-c2ccc(F)cc2F)ccc1O,1,HUPFGZXOMWLGNK-UHFFFAOYSA-N
CCOC(=O)c1cc2ccccc2n1OC(=O)c1ccccc1,0,CCTDRFYGFAXYNL-UHFFFAOYSA-N
C=CCn1c(SCC(=O)c2ccc(Br)cc2)nnc1C(CC)Nc1cccc(C)c1,0,QTZXAAUTGZUVTD-UHFFFAOYSA-N
O=C(CCCn1nc(-c2ccc(F)cc2)ccc1=O)NCc1ccc2c(c1)OCO2,0,WVFGPHWTNPPXDR-UHFFFAOYSA-N
COc1ccc(C(=O)NC(=S)Nc2cc3nn(-c4ccc(F)cc4)nc3cc2C)cc1Cl,0,FFBVPCKCEUGBHS-UHFFFAOYSA-N
CN1CCC23c4c5ccc(O)c4OC2C(O)C=CC3C1C5,1,BQJCRHHNABKAKU-UHFFFAOYSA-N
COc1cc2cc(C(c3nnnn3C(C)(C)C)N(Cc3cccnc3)Cc3ccco3)c(=O)[nH]c2cc1OC,0,BITVQZAWJXSHES-UHFFFAOYSA-N
CCC1(c2ccccc2)C(=O)NCNC1=O,1,DQMZLTXERSFNPB-UHFFFAOYSA-N
CCN(CC)S(=O)(=O)c1ccc(N=Nc2cc([N+](=O)[O-])c3cccnc3c2O)cc1,0,UBABRGCNZAYGIK-UHFFFAOYSA-N
O=C(NN=Cc1ccc(OC(=O)c2ccc(Br)cc2)cc1)c1ccc2c(c1)OCO2,0,JGXHREKVKVGBGN-UHFFFAOYSA-N
O=C(COc1ccccc1)Nc1ccc(N2CCN(Cc3ccccc3F)CC2)cc1,0,FFQKFNYRIPOSTJ-UHFFFAOYSA-N
COc1ccc(Cl)cc1N=C1NC(=O)CC(C(=O)Nc2ccccc2)S1,0,OZKUHWKAQFXAHP-UHFFFAOYSA-N
CC(C)Nc1cccnc1N1CCN(C(=O)c2cc3cc(NS(C)(=O)=O)ccc3[nH]2)CC1,1,WHBIGIKBNXZKFE-UHFFFAOYSA-N
O=C(NCC(c1cccnc1)N1CCN(c2ccccc2F)CC1)C(=O)Nc1ccc([N+](=O)[O-])cc1,0,QFXDFCUIYKPQGT-UHFFFAOYSA-N
CC12CCC3c4ccc(O)cc4CC(CCCCCCCCC[S+]([O-])CCCC(F)(F)C(F)(F)F)C3C1CCC2O,1,VWUXBMIQPBEWFH-UHFFFAOYSA-N
CC(Nc1nc(-c2ccc(S(=O)(=O)N3CCCC3)cc2)cs1)c1ccccc1,0,SJMQIKGSPBMDPN-UHFFFAOYSA-N
Nc1nc(CC(=O)Nc2ccc(CCNCC(O)c3ccccc3)cc2)cs1,1,PBAPPPCECJKMCM-UHFFFAOYSA-N
N=C(N=c1[nH]c2cc(Cl)c(S(N)(=O)=O)cc2[nH]1)NCCCCCCN=C(N)N=c1[nH]c2cc(Cl)c(S(N)(=O)=O)cc2[nH]1,0,UOOKNBOEBWAQBP-UHFFFAOYSA-N
CCN(C)c1cccc(C(=O)O)c1,0,JLVWHNLHQAKXTG-UHFFFAOYSA-N
OCCO,1,LYCAIKOWRPUZTN-UHFFFAOYSA-N
CCC(C)C(NC(=O)C(NC(=O)C(N)CS)C(C)O)C(=O)NC(CC(C)C)C(=O)O,0,GAKOSNYQHBMBKN-UHFFFAOYSA-N
Cc1ccc(NC(=O)c2ccc(CN3CCN(C)CC3)cc2)cc1Nc1nccc(-c2cccnc2)n1,1,KTUFNOKKBVMGRW-UHFFFAOYSA-N
C[N+](C)(C)CC(O)CC(=O)[O-],1,PHIQHXFUZVPYII-UHFFFAOYSA-N
CCCCCCCCCCC(=O)Nc1cc(Cl)ccc1Cl,0,FJNNQKRJIBSMOX-UHFFFAOYSA-N
CCN(C(=O)Cn1cnc2ncccc2c1=O)c1cccc2ccccc12,0,HQMURRGUGCBJGE-UHFFFAOYSA-N
CCc1ccc(C([NH2+]C(C(=O)NC(=O)NC)c2ccccc2)C(C)C)cc1,0,ZYUIGRVAZGMWGE-UHFFFAOYSA-O
Nc1ccccc1C(=O)O,1,RWZYAGGXGHYGMB-UHFFFAOYSA-N
O=C(O)CCCCCC1CCC(CC(=O)O)O1,0,AKFOSCSWLWBTOZ-UHFFFAOYSA-N
Nc1nc2ccc(OC(F)(F)F)cc2s1,1,FTALBRSUTCGOEG-UHFFFAOYSA-N
NCCC(O)(P(=O)(O)O)P(=O)(O)O,1,WRUUGTRCQOWXEG-UHFFFAOYSA-N
COC12C(COC(N)=O)C3=C(C(=O)C(C)=C(N)C3=O)N1CC1NC12,1,NWIBSHFKIJFRCO-UHFFFAOYSA-N
COc1cccc(C23CCN(C(=O)C4CCC4)CC2CCOC3)c1,0,ZDFNLCRHRYVPCU-UHFFFAOYSA-N
COc1ccc(CN2C(=O)NC(=O)C(=Cc3cnn(-c4ccccc4)c3)C2=O)cc1,0,IEALNOCGORDICK-UHFFFAOYSA-N
CC(O)(CS(=O)(=O)c1ccc(F)cc1)C(=O)Nc1ccc(C#N)c(C(F)(F)F)c1,1,LKJPYSCBVHEWIU-UHFFFAOYSA-N
Nc1cccc2c1CN(C1CCC(=O)NC1=O)C2=O,1,GOTYRUGSSMKFNF-UHFFFAOYSA-N
Cc1cc(C#N)cc(C)c1Oc1nc(Nc2ccc(C#N)cc2)nc(N)c1Br,1,PYGWGZALEOIKDF-UHFFFAOYSA-N
S=C(Nc1cc2cccnc2c2ncccc12)N1CCC(c2ccccc2)C1,0,HNZKLXNNOJHFMX-UHFFFAOYSA-N
CC(C)(C)NC(=O)C1CCC2C3CCC4NC(=O)C=CC4(C)C3CCC12C,1,DBEPLOCGEIEOCV-UHFFFAOYSA-N
CCC1(c2ccccc2)C(=O)NC(=O)NC1=O,1,DDBREPKUVSBGFI-UHFFFAOYSA-N
Cc1ccccc2c(S(=O)(=O)O)c(C(C)C)c(C)c1-2,0,YIVMEPFZVSABCM-UHFFFAOYSA-N
CN(C)CCCn1ncc2c(c1=O)S(=O)(=O)c1ccccc1N2,0,XXNASZJSFQHWRV-UHFFFAOYSA-N
CN1CCC(=C2c3ccccc3C=Cc3ccccc32)CC1,1,JJCFRYNCJDLXIK-UHFFFAOYSA-N
CN(C)C1CC(c2ccc(Cl)c(Cl)c2)c2ccccc21,0,UNCBFTIAWJTNTF-UHFFFAOYSA-N
CC1c2cccc(O)c2C(=O)C2C(=O)C3(O)C(=O)C(C(N)=O)C(=O)C(N(C)C)C3C(O)C21,1,VXVNYCRICCVPTD-UHFFFAOYSA-N
Cc1cc2nc3c(=O)[nH]c(=O)nc-3n(CC(O)C(O)C(O)COP(=O)(O)O)c2cc1C,1,FVTCRASFADXXNN-UHFFFAOYSA-N
COc1ccc(OCc2nnc(SCc3nnc(-c4ccccc4)o3)o2)cc1,0,YCVWAYAEGHBHOB-UHFFFAOYSA-N
CC1CC2C3CC(F)C4=CC(=O)C=CC4(C)C3(F)C(O)CC2(C)C1(OC(=O)c1ccco1)C(=O)SCF,1,XTULMSXFIHGYFS-UHFFFAOYSA-N
O=C(Nc1ccccc1SC(F)F)c1ccc(Br)cc1,0,SOEXZBGJKVQMEC-UHFFFAOYSA-N
CCCC1OC2CC3C4CCC5=CC(=O)C=CC5(C)C4C(O)CC3(C)C2(C(=O)CO)O1,1,VOVIALXJUBGFJZ-UHFFFAOYSA-N
Cc1cc(NS(=O)(=O)c2ccc(N)cc2)no1,1,JLKIGFTWXXRPMT-UHFFFAOYSA-N
COC(=O)CCC(C)C1CCC2C3C(O)C(O)C4CC(O)CCC4(C)C3CC(O)C12C,0,SYHUKNSTHJICMX-UHFFFAOYSA-N
CCOC(=O)C1(c2ccccc2)CCN(CCC(C#N)(c2ccccc2)c2ccccc2)CC1,1,HYPPXZBJBPSRLK-UHFFFAOYSA-N
NC(=O)c1cccc2cn(-c3ccc(C4CCCNC4)cc3)nc12,1,PCHKPVIQAHNQLW-UHFFFAOYSA-N
CCCCOCCOCCOCc1cc2c(cc1CCC)OCO2,1,FIPWRIJSWJWJAI-UHFFFAOYSA-N
COc1ccc2ccccc2c1C=NNC(=O)CSc1nc2sc3c(c2c(=O)n1-c1ccccc1)CCCC3,0,VEHFOARGBWNJTK-UHFFFAOYSA-N
NC(N)=Nc1nc(CSCCC(N)=NS(N)(=O)=O)cs1,1,XUFQPHANEAPEMJ-UHFFFAOYSA-N
CC1C=CC=CCCC=CC=CC=CC=CC(OC2OC(C)C(O)C(N)C2O)CC2OC(O)(CC(O)C(O)CCC(O)CC(O)CC(O)CC(=O)OC(C)C(C)C1O)CC(O)C2C(=O)O,1,VQOXZBDYSJBXMA-UHFFFAOYSA-N
CC1=CC(C)(C)Nc2ccc3c(c21)C(c1ccc(N(C)C)cc1)Oc1c(F)cc(F)cc1-3,0,YYBIVCQPPWIPHZ-UHFFFAOYSA-N
CCCC(C)(COC(N)=O)COC(=O)NC(C)C,1,OFZCIYFFPZCNJE-UHFFFAOYSA-N
CC(C)(C)C12C(C(=O)c3ccccc3)=C(C(=O)c3ccccc3)C(c3ccccc31)c1ccccc12,0,YDRDHIDTNDGRLL-UHFFFAOYSA-N
O=S(=O)(O)C(F)(F)C(F)(F)C(F)(F)C(F)(F)C(F)(F)C(F)(F)F,1,QZHDEAJFRJCDMF-UHFFFAOYSA-N
CN1CCCC1c1cccnc1,1,SNICXCGAKADSCV-UHFFFAOYSA-N
Cc1ccccc1NC(=O)CN(c1c(C)n(C)n(-c2ccccc2)c1=O)S(=O)(=O)c1ccccc1,0,ZLEVQCCYLFPHFM-UHFFFAOYSA-N
O=C(O)Cc1ccccc1Nc1c(Cl)cccc1Cl,1,DCOPUUMXTXDBNB-UHFFFAOYSA-N
NS(=O)(=O)c1cc(C(=O)O)c(NCc2ccco2)cc1Cl,1,ZZUFCTLCJUWOSV-UHFFFAOYSA-N
[H]C1N2CCC(CC2)C1([H])NC(=O)NC(C)c1ccccc1,0,WKQFPZGVHPDTHV-UHFFFAOYSA-N
CCn1nccc1CNC(=O)C12CC3CC(C1)CC(n1cnc(Br)n1)(C3)C2,0,UPJCEQMGGFFSOV-UHFFFAOYSA-N
CC(=O)OC1(C(C)=O)CCC2C3C=C(Cl)C4=CC(=O)C5CC5C4(C)C3CCC21C,1,UWFYSQMTEOIJJG-UHFFFAOYSA-N
CC(O[Si](C)(C)C(C)(C)C)C1ON=C2CSCC21,0,DYKYKAXCSWYEMT-UHFFFAOYSA-N
CCN(CC)C(=O)COC(=O)C1CCCN1C(=O)Oc1cc2c(cc1Cl)CCN(C)CC2c1cccc2c1OCC2,0,QLIJYRHDTLFHIM-UHFFFAOYSA-N
Cc1cc(F)ccc1C1CN(C2CCS(=O)(=O)CC2)CCC1C(=O)N(C)C(C)c1cc(C(F)(F)F)cc(C(F)(F)F)c1,0,IJVJDQYOCOGZAR-UHFFFAOYSA-N
O=C(O)C(F)(F)C(F)(F)C(F)(F)C(F)(F)C(F)(F)C(F)(F)C(F)(F)F,1,SNGREZUHAYWORS-UHFFFAOYSA-N
CC(C)CC(NC(=O)C(COC(C)(C)C)NC(=O)C(Cc1ccc(O)cc1)NC(=O)C(CO)NC(=O)C(Cc1c[nH]c2ccccc12)NC(=O)C(Cc1cnc[nH]1)NC(=O)C1CCC(=O)N1)C(=O)NC(CCCN=C(N)N)C(=O)N1CCCC1C(=O)NNC(N)=O,1,BLCLNMBMMGCOAS-UHFFFAOYSA-N
CN(C)CCc1c[nH]c2ccc(CC3COC(=O)N3)cc12,1,ULSDMUVEXKOYBU-UHFFFAOYSA-N
C=CC1=C(C(=O)O)N2C(=O)C(NC(=O)C(=NOCC(=O)O)c3csc(N)n3)C2SC1,1,OKBVVJOGVLARMR-UHFFFAOYSA-N
CC(NCC(=O)Nc1cccc(Cl)c1)c1ccco1,0,WVJJYLVRKOTDHR-UHFFFAOYSA-N
CCN(CC)c1cccc(CNCC2(F)CCN(C(=O)c3ccc(F)c(Cl)c3)CC2)n1,0,UJWLUMAAOUJRIN-UHFFFAOYSA-N
Cc1cc(C)c(S(=O)(=O)Nc2cc3c4c(oc3cc2C)CCC(C(C)(C)C)C4)c(C)c1,0,LFGKVXVKVAWOBL-UHFFFAOYSA-N
Cc1cc(C)c(-c2cc(C)cc(-c3c(C)cc(C)cc3C)c2N=S=S)c(C)c1,0,JZZUGRBLWBXZEJ-UHFFFAOYSA-N
O=c1cc(-c2ccccc2)c2ccc(COc3cc(F)cc(C4CC(O)CCO4)c3)cc2o1,0,TXUGHXHLHVEASF-UHFFFAOYSA-N
CC(C)C(=O)c1c(C(C)C)nn2ccccc12,1,ZJVFLBOZORBYFE-UHFFFAOYSA-N
COC(CC1CC(C=O)OC(C)(C)O1)OC,0,FMBPNTDERWTUMD-UHFFFAOYSA-N
Cc1oncc1C(=O)Nc1ccc(C(F)(F)F)cc1,1,VHOGYURTWQBHIL-UHFFFAOYSA-N
CCCCC1COC(=O)N1C1CCN(C(=O)CSc2nccc(-c3ccccn3)n2)CC1,0,UJCYKDOYQPGMSV-UHFFFAOYSA-N
CCC(C)C(NC(=O)C(CCC(=O)O)NC(=O)C(CO)NC(=O)C(NC(=O)C(N)CO)C(C)C)C(=O)NC(CCC(N)=O)C(=O)NC(CC(C)C)C(=O)NC(CCSC)C(=O)NC(Cc1c[nH]cn1)C(=O)NC(CC(N)=O)C(=O)NC(CC(C)C)C(=O)NCC(=O)NC(CCCCN)C(=O)NC(Cc1c[nH]cn1)C(=O)NC(CC(C)C)C(=O)NC(CC(N)=O)C(=O)NC(CO)C(=O)NC(CCSC)C(=O)NC(CCC(=O)O)C(=O)NC(CCCNC(=N)N)C(=O)NC(C(=O)NC(CCC(=O)O)C(=O)NC(Cc1c[nH]c2ccccc12)C(=O)NC(CC(C)C)C(=O)NC(CCCNC(=N)N)C(=O)NC(CCCCN)C(=O)NC(CCCCN)C(=O)NC(CC(C)C)C(=O)NC(CCC(N)=O)C(=O)NC(CC(=O)O)C(=O)NC(C(=O)NC(Cc1c[nH]cn1)C(=O)NC(CC(N)=O)C(=O)NC(Cc1ccccc1)C(=O)O)C(C)C)C(C)C,1,OGBMKVWORPGQRR-UHFFFAOYSA-N
Cn1nnnc1SCC1=C(C(=O)O)N2C(=O)C(NC(=O)C(NC(=O)c3cc4ccccc4oc3=O)c3ccccc3)C2SC1,0,PYUBRPXNKBCMBE-UHFFFAOYSA-N
c1cc[n+]2c(c1)-c1cccc[n+]1CC2,1,SYJFEGQWDCRVNX-UHFFFAOYSA-N
Cc1c(C)c2c(c(C)c1O)CCC(C)(CCCC(C)CCCC(C)CCCC(C)C)O2,1,GVJHHUAWPYXKBD-UHFFFAOYSA-N
CC(C)C(=O)OCC(=O)C12OC(C3CCCCC3)OC1CC1C3CCC4=CC(=O)C=CC4(C)C3C(O)CC12C,1,LUKZNWIVRBCLON-UHFFFAOYSA-N
CCS(=O)(=O)N1CC(CC#N)(n2cc(-c3ncnc4[nH]ccc34)cn2)C1,1,XUZMWHLSFXCVMG-UHFFFAOYSA-N
ClCC(Br)CBr,1,WBEJYOJJBDISQU-UHFFFAOYSA-N
Clc1ccc2nsnc2c1NC1=NCCN1,1,XFYDIVBRZNQMJC-UHFFFAOYSA-N
CC(C)(C)NC(=O)C1CN(Cc2cccnc2)CCN1CC(O)CC(Cc1ccccc1)C(=O)NC1c2ccccc2CC1O,1,CBVCZFGXHXORBI-UHFFFAOYSA-N
N#CC1(Cl)C(=O)OC2([Se]c3ccccc3)CCCCC21,0,ZQPDYZFYQSMLEB-UHFFFAOYSA-N
CC(NC(C)(C)C)C(=O)c1cccc(Cl)c1,1,SNPPWIUOZRMYNY-UHFFFAOYSA-N
CCC(=O)N(c1ccccc1)C1CCN(CCc2ccccc2)CC1,1,PJMPHNIQZUBGLI-UHFFFAOYSA-N
CCC(O)(c1ccc(Cl)cc1)P(=O)(OC)OC,0,LFDXPFRYDRYOJG-UHFFFAOYSA-N
CCOc1ccc(NC(C)=O)cc1,1,CPJSUEIXXCENMM-UHFFFAOYSA-N
O=O,1,MYMOFIZGZYHOMD-UHFFFAOYSA-N
CCCC(Cc1ccccc1C(C)C)(C(=O)c1ccc(N2CCOCC2)cc1)N(C)C,0,JDTDXEJHIKGOMW-UHFFFAOYSA-N
CCCCCCCCCCOc1ccc(-c2ccc(O)c(F)c2F)cc1,0,UWPWBTFNWHKLFK-UHFFFAOYSA-N
COc1cccc(NC(=O)CSc2nc3cccnc3n2C)c1,0,QUMIBDUYDAWSJT-UHFFFAOYSA-N
CCC1OC2(C(C)=O)CCC3(O1)C1CCC4=CC(=O)CCC4(C)C1CCC23C,1,MQSDUYIXZDSLSZ-UHFFFAOYSA-N
C=C1CCC2C(C)(C)C(O)CCC2(C)C1CCC1C(=C)CCC2C(C)(C)C(O)CCC12C,0,GESZMTVZGWZBPW-UHFFFAOYSA-N
Cc1cc(C=NNS(=O)(=O)c2ccc(F)c(Cl)c2)no1,0,ZSRIOUQPKYSYFR-UHFFFAOYSA-N
CC12CCC3C(=CCc4cc(OS(=O)(=O)O)ccc43)C1CCC2=O,1,YJBYRYVLFAUXBJ-UHFFFAOYSA-N
CCCCCCCCCCCCCC(=O)NCCCCC(NC(=O)C1CCCN1C(=O)C(NC(=O)C(Cc1ccc(O)cc1)NC(=O)C(Cc1ccccc1)NC(=O)C(Cc1ccccc1)NC(=O)CNC(=O)C(CCCNC(=N)N)NC(=O)C(CCC(=O)O)NC(=O)CNC(=O)C1CSSCC(C(=O)NC(CC(N)=O)C(=O)O)NC(=O)C(Cc2ccc(O)cc2)NC(=O)C(CC(N)=O)NC(=O)C(CCC(=O)O)NC(=O)C(CC(C)C)NC(=O)C(CCC(N)=O)NC(=O)C(Cc2ccc(O)cc2)NC(=O)C(CC(C)C)NC(=O)C(CO)NC(=O)C2CSSCC(NC(=O)C(CCC(N)=O)NC(=O)C(CCC(=O)O)NC(=O)C(NC(=O)C(NC(=O)CN)C(C)CC)C(C)C)C(=O)NC(CSSCC(NC(=O)C(CC(C)C)NC(=O)C(Cc3c[nH]cn3)NC(=O)C(CCC(N)=O)NC(=O)C(CC(N)=O)NC(=O)C(NC(=O)C(N)Cc3ccccc3)C(C)C)C(=O)NCC(=O)NC(CO)C(=O)NC(Cc3c[nH]cn3)C(=O)NC(CC(C)C)C(=O)NC(C(C)C)C(=O)NC(CCC(=O)O)C(=O)NC(C)C(=O)NC(CC(C)C)C(=O)NC(Cc3ccc(O)cc3)C(=O)NC(CC(C)C)C(=O)NC(C(C)C)C(=O)N1)C(=O)NC(C(C)O)C(=O)NC(CO)C(=O)NC(C(C)CC)C(=O)N2)C(C)O)C(=O)O,1,UGOZVNFCFYTPAZ-UHFFFAOYSA-N
CCOC(=O)C1=CN(CC)CCc2c([nH]c3ccccc23)C1C(C)C,0,FHXUNNOWZCIGJB-UHFFFAOYSA-N
CCOC(=O)C(CCc1ccccc1)NC(C)C(=O)N1CCCC1C(=O)O,1,GBXSMTUPTTWBMN-UHFFFAOYSA-N
Cc1cc(C)cc(-c2nnc(SCC(=O)Nc3ccc4c(c3)CCC4)o2)c1,0,JDPMEKHUAZHUSH-UHFFFAOYSA-N
C(=Nn1c(-c2ccc3c(c2)OCCO3)csc1=NC1CC1)c1ccccn1,0,UQPHSOCBTBMGIB-UHFFFAOYSA-N
CC(O)C(CO)NC(=O)C1CSSCC(NC(=O)C(N)Cc2ccccc2)C(=O)NC(Cc2ccccc2)C(=O)NC(Cc2c[nH]c3ccccc23)C(=O)NC(CCCCN)C(=O)NC(C(C)O)C(=O)N1,1,DEQANNDTNATYII-UHFFFAOYSA-N
S=P(N1CC1)(N1CC1)N1CC1,1,FOCVUCIESVLUNU-UHFFFAOYSA-N
CCCCCc1ccc(C(=O)OCC)nc1,0,JBIAPGHGDHCEQQ-UHFFFAOYSA-N
O=c1[nH]c2cc(Cl)ccc2o1,1,TZFWDZFKRBELIQ-UHFFFAOYSA-N
O=C(NN=Cc1cccc(OC2CSC2)c1)C1COc2ccccc2O1,0,PXCHPPYZMHFLOT-UHFFFAOYSA-N
COc1ccc(S(=O)(=O)N2CCN(C(=O)CN3CC(C)OC(C)C3)CC2)cc1,0,OTIDHENNKNMGTR-UHFFFAOYSA-N
CC(C)CN(CC(OP(=O)(O)O)C(Cc1ccccc1)NC(=O)OC1CCOC1)S(=O)(=O)c1ccc(N)cc1,1,MLBVMOWEQCZNCC-UHFFFAOYSA-N
O=C1Nc2ccc(Cl)cc2C(c2ccccc2)=NC1O,1,ADIMAYPTOBDMTL-UHFFFAOYSA-N
COc1ccnc(C[S+]([O-])c2nc3ccc(OC(F)F)cc3[nH]2)c1OC,1,IQPSEEYGBUAQFF-UHFFFAOYSA-N
CCCCC(C)(O)CC=CC1C(O)CC(=O)C1CCCCCCC(=O)OC,1,OJLOPKGSLYJEMD-UHFFFAOYSA-N
Nc1ncnc2c1ncn2CCOCP(=O)(O)O,1,SUPKOOSCJHTBAH-UHFFFAOYSA-N
CC(C=CC1=C(C)CCCC1(C)C)=CC=CC(C)=CC(=O)O,1,SHGAZHPCJJPHSC-UHFFFAOYSA-N
CC(C=CC(=O)NO)=CC(C)C(=O)c1ccc(N(C)C)cc1,1,RTKIYFITIVXBLE-UHFFFAOYSA-N
CCOC(OCC)c1ccccc1Cc1ccncc1F,0,CGODHVVKEIPNQO-UHFFFAOYSA-N
NC1=NC(c2ccc(OC(F)F)cc2)n2c(nc3ccccc32)N1,0,JRVHHEOSLUXRMV-UHFFFAOYSA-N
COc1ccccc1Cn1c(C)c(C(N)=O)c(-c2ccc(Cl)cc2)c1C,0,SSSGBANDLFAHOG-UHFFFAOYSA-N
CCC(C)C(NC(=O)CN)C(=O)NC(C(=O)NC(CCC(=O)O)C(=O)NC(CCC(N)=O)C(=O)NC1CSSCC2NC(=O)C(C(C)CC)NC(=O)C(CO)NC(=O)C(C(C)O)NC(=O)C(CSSCC(NC(=O)C(CC(C)C)NC(=O)C(Cc3c[nH]cn3)NC(=O)C(CCC(N)=O)NC(=O)C(CC(N)=O)NC(=O)C(NC(=O)C(N)Cc3ccccc3)C(C)C)C(=O)NCC(=O)NC(CO)C(=O)NC(Cc3c[nH]cn3)C(=O)NC(CC(C)C)C(=O)NC(C(C)C)C(=O)NC(CCC(=O)O)C(=O)NC(C)C(=O)NC(CC(C)C)C(=O)NC(Cc3ccc(O)cc3)C(=O)NC(CC(C)C)C(=O)NC(C(C)C)C(=O)NC(C(=O)NCC(=O)NC(CCC(=O)O)C(=O)NC(CCCNC(=N)N)C(=O)NCC(=O)NC(Cc3ccccc3)C(=O)NC(Cc3ccccc3)C(=O)NC(Cc3ccc(O)cc3)C(=O)NC(C(=O)N3CCCC3C(=O)NC(CCCCN)C(=O)NC(C(=O)O)C(C)O)C(C)O)CSSCC(C(=O)NC(CC(N)=O)C(=O)O)NC(=O)C(Cc3ccc(O)cc3)NC(=O)C(CC(N)=O)NC(=O)C(CCC(=O)O)NC(=O)C(CC(C)C)NC(=O)C(CCC(N)=O)NC(=O)C(Cc3ccc(O)cc3)NC(=O)C(CC(C)C)NC(=O)C(CO)NC2=O)NC1=O)C(C)C,1,PBGKTOXHQIOBKM-UHFFFAOYSA-N
COc1ccc(C=C2SC(=S)N(CC(=O)Nc3ccc(OC)cc3)C2=O)cc1,0,WTIDUHXASKZSNN-UHFFFAOYSA-N
CCC(=O)OC1(C(=O)CCl)C(C)CC2C3CCC4=CC(=O)C=CC4(C)C3(F)C(O)CC21C,1,CBGUOGMQLZIXBE-UHFFFAOYSA-N
CCCCC(CC)CNC(=O)C1CCC(=O)N1C1OC(=O)c2ccccc21,0,ZQNAQSDKLNJZJE-UHFFFAOYSA-N
CC(=O)OC12COC1CC(O)C1(C)C(=O)C(O)C3=C(C)C(OC(=O)C(O)C(NC(=O)OC(C)(C)C)c4ccccc4)CC(O)(C(OC(=O)c4ccccc4)C21)C3(C)C,1,ZDZOTLJHXYCWBA-UHFFFAOYSA-N
CCCCC1CC2CC1CC2O,0,JNPAFUJDLYRPTL-UHFFFAOYSA-N
C[N+]1(C)CCc2ccccc2C1,0,MFJHQWVRHWINPZ-UHFFFAOYSA-N
Cc1[nH]c(SCC(=O)Nc2nc3c(s2)CCCC3)nc1Cc1ccccc1,0,OICRUOMIQUIPAG-UHFFFAOYSA-N
COc1ccc(C=Nn2[nH]nc(C(=O)N3CCN(c4cccc(Cl)c4)CC3)c2=O)cc1,0,ORZMWVSROPXCEM-UHFFFAOYSA-N
Fc1ccc(C2CCNCC2COc2ccc3c(c2)OCO3)cc1,1,AHOUBRCZNHFOSL-UHFFFAOYSA-N
CCN(CC)CC#CCOC(=O)C(O)(c1ccccc1)C1CCCCC1,1,XIQVNETUBQGFHX-UHFFFAOYSA-N
OCC1OC(OC2OC(CO)C(O)C(O)C2O)C(O)C(O)C1O,1,HDTRYLNUVZCQOY-UHFFFAOYSA-N
CC(C)c1nc(CN(C)C(=O)NC(C(=O)NC(Cc2ccccc2)CC(O)C(Cc2ccccc2)NC(=O)OCc2cncs2)C(C)C)cs1,1,NCDNCNXCDXHOMX-UHFFFAOYSA-N
O=P(O)(O)C(O)(Cc1cccnc1)P(=O)(O)O,1,IIDJRNMFWXDHID-UHFFFAOYSA-N
O=P1(N(CCCl)CCCl)NCCCO1,1,CMSMOCZEIVJLDB-UHFFFAOYSA-N
OCC(Br)CBr,1,QWVCIORZLNBIIC-UHFFFAOYSA-N
C#CC1(O)CCC2C3CCC4=CC(=O)CCC4C3CCC21C,1,VIKNJXKGJWUCNN-UHFFFAOYSA-N
Cc1ncc(C[n+]2csc(CCO)c2C)c(N)n1,1,JZRWCGZRTZMZEH-UHFFFAOYSA-N
CC(N)(Cc1ccc(O)c(O)c1)C(=O)O,1,CJCSPKMFHVPWAR-UHFFFAOYSA-N
C=O,1,WSFSSNUMVMOOMR-UHFFFAOYSA-N
O=[N+]([O-])OCC(CO[N+](=O)[O-])O[N+](=O)[O-],1,SNIOPGDIGTZGOP-UHFFFAOYSA-N
C=CCSc1nnc(NC(=O)COc2c(C)cc(C)cc2C)s1,0,IQOOCZLLBBPDLB-UHFFFAOYSA-N
O=C(Nc1c(Cl)cncc1Cl)c1ccc(OC(F)F)c(OCC2CC2)c1,1,MNDBXUUTURYVHR-UHFFFAOYSA-N
CNC(=O)C=C(C)OP(=O)(OC)OC,1,KRTSDMXIXPKRQR-UHFFFAOYSA-N
O=C1NC(=S)N(c2ccc(Cl)cc2Cl)C(=O)C1=Cc1ccc(Cl)cc1,0,PNIUADITKIMPKT-UHFFFAOYSA-N
CCC(O)CCBr,0,MDEOBMBGEXCNTP-UHFFFAOYSA-N
CCNC(=O)C1CCCN1C(=O)C(CCCN=C(N)N)NC(=O)C(CC(C)C)NC(=O)C(CC(C)C)NC(=O)C(Cc1ccc(O)cc1)NC(=O)C(CO)NC(=O)C(Cc1c[nH]c2ccccc12)NC(=O)C(Cc1cnc[nH]1)NC(=O)C1CCC(=O)N1,1,GFIJNRVAKGFPGQ-UHFFFAOYSA-N
CCCC(NC(C)C(=O)N1C(C(=O)O)CC2CCCCC21)C(=O)OCC,1,IPVQLZZIHOAWMC-UHFFFAOYSA-N
CC(N)Cc1ccccc1,1,KWTSXDURSIMDCE-UHFFFAOYSA-N
CCCNC1CCc2nc(N)sc2C1,1,FASDKYOPVNHBLU-UHFFFAOYSA-N
CCCOc1c(OCC(C)=O)cc(C2CCC(c3cccnc3)O2)cc1S(=O)(=O)CCC,0,YOXQASRNOLXCHL-UHFFFAOYSA-N
CCc1ccccc1NC(=O)Cc1nnc(SCC(=O)Nc2nnc(C)s2)n1C,0,JQIMFQMOVTXAAR-UHFFFAOYSA-N
CCOC(=O)C1(c2ccccc2)CCC=CC1N(C)C,1,WDEFBBTXULIOBB-UHFFFAOYSA-N
O=C(N=Nc1c(O)[nH]c2c(Br)cc(Br)cc12)c1cncc(Br)c1,0,UGZLXUFYFDFRSE-UHFFFAOYSA-N
C[n+]1c(CC(=O)NN=Cc2ccc(C(=O)O)cc2)[nH]c2ccccc21,0,CBFMHSKPBZRYEN-UHFFFAOYSA-O
CC(Nc1cc(=O)n(C(C)C)c(=O)[nH]1)c1ccccc1,1,RLCLASQCAPXVLM-UHFFFAOYSA-N
CCOC(=O)N1CCN(C(=O)CSCC(=O)N=c2sc3cc(C(=O)OC)ccc3n2CC(=O)OC)CC1,0,RPMHGDBOMBIIGM-UHFFFAOYSA-N
CCCCn1c(C)c(C(=O)OCC)c2cc(OCc3ccc(C(=O)NN)o3)ccc21,0,ZTVUCSWQOHDHBT-UHFFFAOYSA-N
COc1cc2c(cc1Cc1cccc(Cl)c1F)c(=O)c(C(=O)O)cn2C(CO)C(C)C,1,JUZYLCPPVHEVSV-UHFFFAOYSA-N
COc1cc(C=C2C(=O)NC(=O)N(c3ccc(F)cc3)C2=O)ccc1OCc1cccc(F)c1,0,RJAMQYJGLAMQSK-UHFFFAOYSA-N
CCC(=O)N(CC(=O)N1c2ccccc2-n2cccc2C1c1ccc(F)cc1)C1CC1,0,WSJJDEYYHWVDIA-UHFFFAOYSA-N
C=CCC1C=C(C)CC(C)CC(OC)C2OC(O)(C(=O)C(=O)N3CCCCC3C(=O)OC(C(C)=CC3CCC(O)C(OC)C3)C(C)C(O)CC1=O)C(C)CC2OC,1,QJJXYPPXXYFBGM-UHFFFAOYSA-N
N#CC1(Nc2ccc([N+](=O)[O-])cc2)CCCC1,0,JPUYTUMPQANAIK-UHFFFAOYSA-N
O=C(O)CC[N+](=O)[O-],1,WBLZUCOIBUDNBV-UHFFFAOYSA-N
C#CCC1(C2CCCC2)CC(=O)C(Sc2ccccc2)C(=O)O1,0,ZWRMCVVATIWQJQ-UHFFFAOYSA-N
CN(C)S(=O)(=O)c1cccc(C(=O)OCc2c(F)c(F)c(F)c(F)c2F)c1,0,PMCLBXVEVGUGNP-UHFFFAOYSA-N
Nc1ccc(Cl)cc1C(=O)OCC(=O)c1c(-c2ccccc2)[nH]c2ccccc12,0,WXOQJKFPNGBSSV-UHFFFAOYSA-N
COC(=O)NC(C(=O)NC(Cc1ccccc1)C(O)CN(Cc1ccc(-c2ccccn2)cc1)NC(=O)C(NC(=O)OC)C(C)(C)C)C(C)(C)C,1,AXRYRYVKAWYZBR-UHFFFAOYSA-N
CC(C)CC(N(C)C)C1(c2ccc(Cl)cc2)CCC1,1,UNAANXDKBXWMLN-UHFFFAOYSA-N
CC(O)C(NC(=O)C(N)CCCCN)C(=O)NC(CCC(N)=O)C(=O)NC(CCC(N)=O)C(=O)O,0,FIBQSBIJWZYILP-UHFFFAOYSA-N
COc1ccc(CC(C)(C)NCC(O)c2cc(O)cc3c2OCC(=O)N3)cc1,1,COUYJEVMBVSIHV-UHFFFAOYSA-N
CC(=O)NC(Cc1ccc2ccccc2c1)C(=O)NC(Cc1ccc(Cl)cc1)C(=O)NC(Cc1cccnc1)C(=O)NC(CO)C(=O)NC(Cc1ccc(NC(=O)C2CC(=O)NC(=O)N2)cc1)C(=O)NC(Cc1ccc(NC(N)=O)cc1)C(=O)NC(CC(C)C)C(=O)NC(CCCCNC(C)C)C(=O)N1CCCC1C(=O)NC(C)C(N)=O,1,MEUCPCLKGZSHTA-UHFFFAOYSA-N
CCN(CC)c1ccc(N=C2C=C(C(=O)N(C)c3ccc(Oc4ccc(C(C)(C)CC)cc4)cc3)C(=O)c3ccccc32)cc1,0,SHZUXNSUJJMSHR-UHFFFAOYSA-N
CN(CCCC(=O)c1cccnc1)N=O,1,FLAQQSHRLBFIEZ-UHFFFAOYSA-N
O=C(C(NCc1c[nH]c2ccccc12)C(O)c1ccc(O)c(O)c1)N1CCCC1,0,WSAGZDSEFVBAAH-UHFFFAOYSA-N
CC1=CC(=O)CC2CCCC(=O)C12C,0,LNRREGUIFFSFIN-UHFFFAOYSA-N
COP(=O)(CCCOc1ccc2c(c1)c(CC(N)=O)cn2Cc1ccccc1)OC,0,DEOXGYQQZTVBQG-UHFFFAOYSA-N
O=C(NCc1c(F)cc(F)cc1F)c1cn2c(c(O)c1=O)C(=O)N1C3CCC(C3)OC1C2,1,SOLUWJRYJLAZCX-UHFFFAOYSA-N
CCCCCCCCC1(CCCCCCCC)c2cc(C=Cc3ccc(-c4ccccc4)cc3)ccc2-c2ccc(B3OC(C)(C)C(C)(C)O3)cc21,0,GQVXKSNXRDQCQL-UHFFFAOYSA-N
OC(CCN1CCCC1)(c1ccccc1)C1CCCCC1,1,WYDUSKDSKCASEF-UHFFFAOYSA-N
Nc1nc2c(ncn2COCCO)c(=O)[nH]1,1,MKUXAQIIEYXACX-UHFFFAOYSA-N
Cc1cc(C)cc(OCC2CNC(=O)O2)c1,1,IMWZZHHPURKASS-UHFFFAOYSA-N
CSCCC(NC(=O)C(CO)NC(=O)C(Cc1ccc(O)cc1)NC(=O)C(N)CO)C(=O)NC(CCC(=O)O)C(=O)NC(Cc1c[nH]cn1)C(=O)NC(Cc1ccccc1)C(=O)NC(CCCNC(=N)N)C(=O)NC(Cc1c[nH]c2ccccc12)C(=O)NCC(=O)NC(CCCCN)C(=O)N1CCCC1C(=O)NC(C(=O)NCC(=O)NC(CCCCN)C(=O)NC(CCCCN)C(=O)NC(CCCNC(=N)N)C(=O)NC(CCCNC(=N)N)C(=O)N1CCCC1C(=O)NC(C(=O)NC(CCCCN)C(=O)NC(C(=O)NC(Cc1ccc(O)cc1)C(=O)N1CCCC1C(=O)O)C(C)C)C(C)C)C(C)C,1,ZOEFCCMDUURGSE-UHFFFAOYSA-N
CCn1c(CCCNC(=O)c2ccccc2)nnc1SC(C)C(=O)N1CCCCC1,0,CYJBMSHOTZODBE-UHFFFAOYSA-N
CCC(=O)OC1Cc2ccccc2C1NS(=O)(=O)c1ccc(C)cc1,0,SEJJHBHNWOJQSW-UHFFFAOYSA-N
Cc1c(Br)c(C(=O)NN=Cc2coc3c(Cl)cc(Cl)cc3c2=O)nn1C,0,VFYUNHBRIIDOQD-UHFFFAOYSA-N
CC(C)Cc1ccc(C(C)C(=O)O)cc1,1,HEFNNWSXXWATRW-UHFFFAOYSA-N
Cc1nnc(C(=O)NC(C)(C)c2nc(C(=O)NCc3ccc(F)cc3)c(O)c(=O)n2C)o1,1,CZFFBEXEKNGXKS-UHFFFAOYSA-N
O=C(CN1C(=O)c2ccccc2S1(=O)=O)Nc1ccc(S(=O)(=O)N2CCCCCC2)cc1,0,CIRWZGGESKUJHD-UHFFFAOYSA-N
Cc1cc(I)ccc1NC(=O)CN(C)CC(=O)NC1CC1,0,LUMZFWLWAOFUPM-UHFFFAOYSA-N
O=C1NC(=O)C(c2ccccc2)(c2ccccc2)N1,1,CXOFVDLJLONNDW-UHFFFAOYSA-N
CN1C(C(=O)Nc2ccccn2)C(=O)c2ccccc2S1(=O)=O,1,MNSCVRXKDINXEY-UHFFFAOYSA-N
Cc1ccc(O)c(C(CCN(C(C)C)C(C)C)c2ccccc2)c1,1,OOGJQPCLVADCPB-UHFFFAOYSA-N
CC(C)c1nc(CN(C)C(=O)NC(CCN2CCOCC2)C(=O)NC(CCC(Cc2ccccc2)NC(=O)OCc2cncs2)Cc2ccccc2)cs1,1,ZCIGNRJZKPOIKD-UHFFFAOYSA-N
c1ccc2[nH]c(-c3cscn3)nc2c1,1,WJCNZQLZVWNLKY-UHFFFAOYSA-N
CCCCCCCCCCCCCCCC(=O)NCCO,1,HXYVTAGFYLMHSO-UHFFFAOYSA-N
CCCCNc1ccc(C(=O)OCCOCCOCCOCCOCCOCCOCCOCCOCCOC)cc1,1,MAFMQEKGGFWBAB-UHFFFAOYSA-N
O=[N+]([O-])OC1COC2C(O)COC12,1,YWXYYJSYQOXTPL-UHFFFAOYSA-N
CCc1cc(Cl)nnc1Cl,0,YKUMFVUOUWBXTB-UHFFFAOYSA-N
O=C(C(=NN=C1C(=O)N(Cc2ccccc2)c2ccccc21)c1ccccc1)c1ccccc1,0,NUDKHNAPOIFZJE-UHFFFAOYSA-N
COCCSc1ccccc1S(=O)(=O)NC(=O)Nc1nc(OC)nc(OC)n1,0,YCFOCKMRYOROEU-UHFFFAOYSA-N
Cc1c(Cl)cccc1NC(=S)N1CCN(C(=O)c2ccccc2Cl)CC1,0,AXWNVVXSLASNKB-UHFFFAOYSA-N
O=C(CCCN1CCN(CC=Cc2ccccc2)CC1)NC1c2ccccc2C=Cc2ccccc21,0,CEAYSGGPEDTANY-UHFFFAOYSA-N
COc1ccc(C2c3ccsc3CCN2C(=O)CN(CC(C)C)S(=O)(=O)c2ccc(C)cc2)cc1,0,KYINJWMVFCPDCI-UHFFFAOYSA-N
COc1ccc2c(c1)sc(COc1ccc3ccccc3c1)[n+]2C,0,GAGUXFXRVCFGHL-UHFFFAOYSA-N
CCCOc1ccc(C(=O)NC(=S)Nc2ccccc2C(=O)NCCOC)cc1Br,0,XIQXDQRGYCAFCG-UHFFFAOYSA-N
CCN(CC)CCNC(=O)c1c(C)[nH]c(C=C2C(=O)Nc3ccc(F)cc32)c1C,1,WINHZLLDWRZWRT-UHFFFAOYSA-N
COC1C=COC2(C)Oc3c(C)c(O)c4c(O)c(cc(N(C)C)c4c3C2=O)NC(=O)C(C)=CC=CC(C)C(O)C(C)C(O)C(C)C(OC(C)=O)C1C,0,ZJOZHSYBHBHTCE-UHFFFAOYSA-N
CCCCNc1cc(C(=O)O)cc(S(N)(=O)=O)c1Oc1ccccc1,1,MAEIEVLCKWDQJH-UHFFFAOYSA-N
O=C(c1ccccc1)C1CC=C(P(=O)(c2ccccc2)c2ccccc2)CC1c1ccccc1,0,CGPGGZXSJXFZES-UHFFFAOYSA-N
CCc1nc(NC(CCSC)C(=O)[O-])c2oc3ccccc3c2n1,0,VPFZJOZNCDOAEJ-UHFFFAOYSA-M
CCOC(=O)C1=C(C)NC(C)=C(C(=O)OC)C1c1cccc(Cl)c1Cl,1,RZTAMFZIAATZDJ-UHFFFAOYSA-N
O=C(COC(=O)CCN1C(=O)NC2(CCCC2)C1=O)NCc1ccccc1Cl,0,ZZNCTRCULAEOFU-UHFFFAOYSA-N
Cc1ccc(S(=O)(=O)NC(=O)NN2CC3CCCC3C2)cc1,1,BOVGTQGAOIONJV-UHFFFAOYSA-N
Clc1ccc(COC(Cn2ccnc2)c2ccc(Cl)cc2Cl)cc1,1,LEZWWPYKPKIXLL-UHFFFAOYSA-N
CCOC(=O)C(CCc1ccccc1)NC(C)C(=O)N1Cc2ccccc2CC1C(=O)O,1,JSDRRTOADPPCHY-UHFFFAOYSA-N
C=C1CCC(O)CC1=CC=C1CCCC2(C)C1CCC2C(C)CCCC(C)C,1,QYSXJUFSXHHAJI-UHFFFAOYSA-N
CCC=CCC=CCC=CCC=CCC=CCCCC(=O)O,1,JAZBEHYOTPTENJ-UHFFFAOYSA-N
CCCCC(NC(=O)C(Cc1ccccc1)NC(=O)N1CCOCC1)C(=O)NC(CC1CCCCC1)C(O)CC(=O)OC,0,RLIQBMYAYSQESR-UHFFFAOYSA-N
CSc1cccc(N2CC(C(=O)OC(C)C(=O)NC(=O)NC(C)C)CC2=O)c1,0,HDHRQCLNMJKJPK-UHFFFAOYSA-N
NCCCC(O)(P(=O)(O)O)P(=O)(O)O,1,OGSPWJRAVKPPFI-UHFFFAOYSA-N
COc1ccc(CCN(Cc2sccc2C)C(=O)CN(CCN2CCCC2)C(=O)c2ccc(Br)cc2)cc1OC,0,KGBDUCLXLZRWND-UHFFFAOYSA-N
CCc1ccc(C(C)CCc2ccc([N+](C)(C)C)cc2)cc1,1,HGMSJMJPXGGEBP-UHFFFAOYSA-N
C=CCNC(=S)NN=Cc1cc([N+](=O)[O-])c([O-])cc1[O-],0,UURYVTAUSFWKFP-UHFFFAOYSA-L
CCC(CNC(=O)CCC(=O)N(c1ccccc1)c1ccc(C(=N)N)cc1)(C(=O)O)c1ncc[nH]1,0,LJYIUSVWHQFQHB-UHFFFAOYSA-N
CC1CC2C3CCC4=CC(=O)C=CC4(C)C3(Cl)C(O)CC2(C)C1(OC(=O)c1ccco1)C(=O)CCl,1,WOFMFGQZHJDGCX-UHFFFAOYSA-N
COc1ccc(C(=O)c2ccc(C(=O)c3ccc(OC)cc3)cc2)cc1,0,RKGZTMAFYGTLOV-UHFFFAOYSA-N
CCC(=O)C(CC(C)N(C)C)(c1ccccc1)c1ccccc1,1,USSIQXCVUWKGNF-UHFFFAOYSA-N
Cc1cccc(-c2nn3c(c2-c2ccnc4ccc(C(N)=O)cc24)CCC3)n1,1,IVRXNBXKWIJUQB-UHFFFAOYSA-N
O=c1cc(-c2ccccc2)oc2ccc3ccccc3c12,1,OUGIDAPQYNCXRA-UHFFFAOYSA-N
CC(C)(C)NCC(O)c1cc(O)cc(O)c1,1,XWTYSIMOBUGWOL-UHFFFAOYSA-N
COc1cccc2c1C(=O)c1c(O)c3c(c(O)c1C2=O)CC(O)(C(C)=O)CC3OC1CC(N)C(O)C(C)O1,1,STQGQHZAVUOBTE-UHFFFAOYSA-N
CN(C)c1ccc(C=NNC(=O)c2ccc(Cl)c([N+](=O)[O-])c2)cc1,0,MFXQBKYOYFUWNB-UHFFFAOYSA-N
C#CCN(C)C(C)Cc1ccccc1,1,MEZLKOACVSPNER-UHFFFAOYSA-N
NC(Cc1cc(I)c(Oc2cc(I)c(O)c(I)c2)c(I)c1)C(=O)O,1,XUIIKFGFIJCVMT-UHFFFAOYSA-N
CC(C)(S)C(=O)NC(CS)C(=O)O,1,VUAFHZCUKUDDBC-UHFFFAOYSA-N
Nc1nc(F)nc2c1ncn2C1OC(CO)C(O)C1O,1,HBUBKKRHXORPQB-UHFFFAOYSA-N
CCOC(=O)C(O)C(Nc1ccc(OC)cc1)c1ccccc1,0,UMNLUPARJXPJPW-UHFFFAOYSA-N
CC(CN1c2ccccc2Sc2ccccc21)N(C)C,1,PWWVAXIEGOYWEE-UHFFFAOYSA-N
Cc1ccc(-c2cc(C(F)(F)F)nn2-c2ccc(S(N)(=O)=O)cc2)cc1,1,RZEKVGVHFLEQIL-UHFFFAOYSA-N
CC(=O)NC1C(O)OC(CO)C(O)C1O,1,OVRNDRQMDRJTHS-UHFFFAOYSA-N
CCc1cccc(C)c1N(C(=O)CCl)C(C)COC,1,WVQBLGZPHOPPFO-UHFFFAOYSA-N
CC(C)C(=O)Nc1ccc([N+](=O)[O-])c(C(F)(F)F)c1,1,MKXKFYHWDHIYRV-UHFFFAOYSA-N
CC(C)N=c1cc2n(-c3ccc(Cl)cc3)c3ccccc3nc-2cc1Nc1ccc(Cl)cc1,1,WDQPAMHFFCXSNU-UHFFFAOYSA-N
O=C(c1cc(Cl)cc(OCCNc2ccncc2)c1)N(CCOCC(O)CO)c1ccccc1,0,ZPSBNVQIEDKASI-UHFFFAOYSA-N
CC(=O)c1ccccc1NC(=O)COC(=O)c1cccc(OCc2c(C)noc2C)c1,0,XFIFCRVZVPIWON-UHFFFAOYSA-N
Cc1cc(C)cc(C)c1,0,AUHZEENZYGFFBQ-UHFFFAOYSA-N
CC1(C)CC(=O)C2C(=Nc3ccccc3NC2c2ccc(C(F)(F)F)cc2)C1,0,BEIHRRHJSQSNBW-UHFFFAOYSA-N
CCCCOC(=O)C1=C(C)N=C2CCCC(=O)C2C1c1ccccc1,0,WOIQPFXLIWBGDS-UHFFFAOYSA-N
CCCN1C(C(=O)N2CCOCC2)=C(OCC)c2ccccc2S1(=O)=O,0,PANNIDGVLBYYRI-UHFFFAOYSA-N
Cc1cccc(C(=O)NCCN(C(C)C)C(C)C)c1N,0,MVZDHHVCFSPYJS-UHFFFAOYSA-N
CCOC(=O)C1=C(COCCN)NC(C)=C(C(=O)OC)C1c1ccccc1Cl,1,HTIQEAQVCYTUBX-UHFFFAOYSA-N
CC(O)(P(=O)(O)O)P(=O)(O)O,1,DBVJJBKOTRCVKF-UHFFFAOYSA-N
CCCC(CCC)C(=O)O,1,NIJJYAXOARWZEE-UHFFFAOYSA-N
COCCCOc1ccnc(C[S+]([O-])c2nc3ccccc3[nH]2)c1C,1,YREYEVIYCVEVJK-UHFFFAOYSA-N
CS(=O)(=O)c1ccc(C2=C(c3ccccc3)C(=O)OC2)cc1,1,RZJQGNCSTQAWON-UHFFFAOYSA-N
C=CC1(C)CC(O[Si](C)(C)C(C)(C)C)C2(C)C(C)CCC3(CCC(=O)C32)C(C)C1=O,0,LZZYWSKZVVRDDN-UHFFFAOYSA-N
CCN(C(=O)Cn1c2ccccc2c(=O)c2ccccc21)c1ccccc1,0,HWZTXXNELITOEJ-UHFFFAOYSA-N
CC(C)=CCl,1,KWISWUFGPUHDRY-UHFFFAOYSA-N
CCC(CC)Nc1c([N+](=O)[O-])cc(C)c(C)c1[N+](=O)[O-],1,CHIFOSRWCNZCFN-UHFFFAOYSA-N
COC(=O)C(=NNc1ccccc1)Sc1nnc(-c2ccc(OC)cc2)n1C,0,UYUMANREZBZZAZ-UHFFFAOYSA-N
CCC(CC(=O)CCC(=O)Nc1ccc(C)c(C)c1)=NNC(=O)c1c(O)ccc2ccccc12,0,DYQJRQXGVFUIRA-UHFFFAOYSA-N
Cc1cnc(NC(=O)C2C(=O)c3ccccc3S(=O)(=O)N2C)s1,1,ZAHQBPYQBHTECE-UHFFFAOYSA-N
CC(C)OCC(=O)c1ccc(Cl)cc1,0,WUVNUSYGQCZIAY-UHFFFAOYSA-N
CCC(=O)Nc1ccc(C(=O)NN=Cc2ccc3c(c2)c2ccccc2n3CC)cc1,0,CZBIUXMMPCKXLX-UHFFFAOYSA-N
CCN(CC)N=O,1,WBNQDOYYEUMPFS-UHFFFAOYSA-N
O=C(O)C1(C(=O)O)CCC1,1,CCQPAEQGAVNNIA-UHFFFAOYSA-N
C[Si](C)(C)C[Si](C)(Cl)[Si](C)(Cl)C[Si](C)(C)C,0,RZOCZIQHZIEMSW-UHFFFAOYSA-N
Cc1cn(C2C=CC(CO)O2)c(=O)[nH]c1=O,1,XNKLLVCARDGLGL-UHFFFAOYSA-N
CCOC(=O)c1ccc(NC(=O)C2OC3OC(C)(C)OC3C3OC(C)(C)OC23)cc1,0,NMMJQMRQMYERHR-UHFFFAOYSA-N
CCC1C(=O)OCC1Cc1cncn1C,1,QCHFTSOMWOSFHM-UHFFFAOYSA-N
[NH3+]c1nonc1-n1nnc(C(=O)NN=Cc2ccc([O-])cc2)c1CSc1ccc(Cl)cc1,0,ZKILRKFADVQVEI-UHFFFAOYSA-N
NCC(CC(=O)O)c1ccc(Cl)cc1,1,KPYSYYIEGFHWSV-UHFFFAOYSA-N
CCCCC1CCC(C(=O)Nc2scc(-c3ccc(CC)cc3)c2C(=O)OC)CC1,0,QBDXZSNCPXIWSJ-UHFFFAOYSA-N
CC(Cc1ccc(OCC(=O)O)cc1)NS(=O)(=O)c1ccc(Cl)cc1,0,UKRZQNFRBNAPMT-UHFFFAOYSA-N
Fc1ccc(NC(c2ccc(F)cc2)C2CCN(CC=Cc3ccccc3)CC2)cc1,0,LEECCJUPAMXPNE-UHFFFAOYSA-N
ClCC1CO1,1,BRLQWZUYTZBJKN-UHFFFAOYSA-N
C=CCOC12Oc3ccc(OC(=O)NCc4ccccc4)cc3C3C(CCCCO)C(CCCCO)C=C(C(=NOCc4ccccc4)CC1Sc1ccc(NC(C)=O)cc1)C32,0,FUMYZHFSCFTKCW-UHFFFAOYSA-N
NN=CC1=C(N2CCOCC2)C(=C(OC(=O)c2ccccc2)c2ccccc2)CC1,0,NYNNXXJCCXAWMM-UHFFFAOYSA-N
CCOC(=O)C(CCc1ccccc1)NC1CCc2ccccc2N(CC(=O)O)C1=O,1,XPCFTKFZXHTYIP-UHFFFAOYSA-N
CCOC(C)=O,0,XEKOWRVHYACXOJ-UHFFFAOYSA-N
COc1cc(C2c3cc4c(cc3C(OC3OC5COC(C)OC5C(O)C3O)C3COC(=O)C23)OCO4)cc(OC)c1O,1,VJJPUSNTGOMMGY-UHFFFAOYSA-N
CCC(C(N)=O)N1CCCC1=O,1,HPHUVLMMVZITSG-UHFFFAOYSA-N
O=[N+]([O-])c1cc([N+](=O)[O-])c(S(=O)(=O)O)c([N+](=O)[O-])c1,1,NHJVRSWLHSJWIN-UHFFFAOYSA-N
CC(=O)NC(CS)C(=O)O,1,PWKSKIMOESPYIA-UHFFFAOYSA-N
CC(C)(CO)C(O)C(=O)NCCCO,1,SNPLKNRPJHDVJA-UHFFFAOYSA-N
CC12CCC(=O)C=C1CCC1C2CCC2(C)C1CCC2(C)O,1,GCKMFJBGXUYNAG-UHFFFAOYSA-N
CC12CCC(=O)C=C1CCC1C2C(O)CC2(C)C1CCC2(O)C(=O)CO,1,JYGXADMDTFJGBT-UHFFFAOYSA-N
CCn1c(SCc2cc(=O)oc3cc(C)c(C)cc23)nc2ccccc2c1=O,0,JAQKVUCILPYAEB-UHFFFAOYSA-N
COC1CC2CCC(C)C(O)(O2)C(=O)C(=O)N2CCCCC2C(=O)OC(C(C)CC2CCC(OCCO)C(OC)C2)CC(=O)C(C)C=C(C)C(O)C(OC)C(=O)C(C)CC(C)C=CC=CC=C1C,1,HKVAMNSJSFKALM-UHFFFAOYSA-N
CN1C(=O)CC(=O)N(c2ccccc2)c2cc(Cl)ccc21,1,CXOXHMZGEKVPMT-UHFFFAOYSA-N
NS(=O)(=O)c1cc2c(cc1Cl)NC=NS2(=O)=O,1,JBMKAUGHUNFTOL-UHFFFAOYSA-N
C=CCC1CNC(=S)O1,0,QEKDLBSHZCJKRO-UHFFFAOYSA-N
O=C(CSc1n[nH]c(-c2ccc(Cl)cc2)[n+]1C1CCCCC1)NN=Cc1cc(Br)ccc1O,0,UVWGNFZRHVXWPD-UHFFFAOYSA-O
O=C(O)c1ccc(COc2ccccc2[N+](=O)[O-])cc1,0,HSKPETLPUONNSN-UHFFFAOYSA-N
O=C(Cc1cccs1)N1CCN(Cc2ccncc2)CC1,0,WLWVFSMVJRVQBC-UHFFFAOYSA-N
NCCCCC1NC(=O)C(Cc2c[nH]c3ccccc23)NC(=O)C(c2ccccc2)NC(=O)C2CC(OC(=O)NCCN)CN2C(=O)C(Cc2ccccc2)NC(=O)C(Cc2ccc(OCc3ccccc3)cc2)NC1=O,1,VMZMNAABQBOLAK-UHFFFAOYSA-N
CC(=O)OCC(=O)C1(O)CCC2C3CCC4=CC(=O)CCC4(C)C3C(O)CC21C,1,ALEXXDVDDISNDU-UHFFFAOYSA-N
CC1=C(CC(=O)O)c2cc(F)ccc2C1=Cc1ccc([S+](C)[O-])cc1,1,MLKXDPUZXIRXEP-UHFFFAOYSA-N
CC(=O)C1CCC2C3CCC4=CC(=O)CCC4(C)C3CCC12C,1,RJKFOVLPORLFTN-UHFFFAOYSA-N
COc1cc(C(CN(C)c2ccc(NC(C)=O)cc2)Oc2ccc(NC(C)=O)cc2)ccc1Oc1ccc(NC(C)=O)cc1,0,MJFDUWPLBMIOOI-UHFFFAOYSA-N
COc1ccccc1-c1ccc(=O)n(CC(=O)Nc2cc(Cl)cc(Cl)c2)n1,0,MASZZKVSHCUHKG-UHFFFAOYSA-N
BrCC(Br)Cc1c(Br)cc(Br)c(Oc2c(Br)cc(Br)c(CC(Br)CBr)c2Br)c1Br,1,ZSXGMNZLCKKFKQ-UHFFFAOYSA-N
CC(C)CC(=O)N(Cc1ccccc1F)CC1CC(c2ccc3c(c2)OCO3)=NO1,0,KHGOFLACELYGGR-UHFFFAOYSA-N
OCCN(CCO)c1nc(N2CCCCC2)c2nc(N(CCO)CCO)nc(N3CCCCC3)c2n1,1,IZEKFCXSFNUWAM-UHFFFAOYSA-N
O=C(c1ccccc1)c1cccc2c1CCCC2,0,UVQPLSZCNQGYDN-UHFFFAOYSA-N
CC(Oc1ccccc1)C(=O)NC1C(=O)N2C1SC(C)(C)C2C(=O)O,1,NONJJLVGHLVQQM-UHFFFAOYSA-N
CCOC(=O)C(C#N)=NNc1ccccc1C(=O)O,0,QTKLKPFTUVLLJF-UHFFFAOYSA-N
CC1(CCc2cccc(Br)c2)N=C(N)c2ccccc2O1,0,OCAZDRMAHUKEMC-UHFFFAOYSA-N
CC(=O)C1(O)CCC2C3C=C(C)C4=CC(=O)CCC4(C)C3CCC21C,1,VXIMPSPISRVBPZ-UHFFFAOYSA-N
CN(C)c1ncnc2c1ncn2C1OC(CO)C(N)C1O,1,RYSMHWILUNYBFW-UHFFFAOYSA-N
COCCNC(=O)CN(CCN(CCN(CC(=O)O)CC(=O)NCCOC)CC(=O)O)CC(=O)O,1,AXFGWXLCWCNPHP-UHFFFAOYSA-N
COc1ccccc1CNC(=O)CCc1nnc2n(C)c(=O)c3sccc3n12,0,ZNCCOIJDJWOHJD-UHFFFAOYSA-N
NNC(=O)COc1ccc2c(c1)OC(=Cc1ccccc1)C2=O,0,SEOCBULXQHLWAZ-UHFFFAOYSA-N
O=P1(NCCCl)OCCCN1CCCl,1,HOMGKSMUEGBAAB-UHFFFAOYSA-N
CCC(NCc1ccncc1)(C(N)=O)c1ccccn1,0,IPJNGIRRUYEYKN-UHFFFAOYSA-N
NC(=O)C(c1ccccc1)(c1ccccc1)C1CCN(CCc2ccc3c(c2)CCO3)C1,1,HXGBXQDTNZMWGS-UHFFFAOYSA-N
OC(c1ccccc1)(c1ccccc1)C12CC[N+](CCOCc3ccccc3)(CC1)CC2,1,FVTWTVQXNAJTQP-UHFFFAOYSA-N
CCCCN=Cc1c(N)n2c(nc1=O)OCC2,0,REZWFZXJKGCWAO-UHFFFAOYSA-N
CN(N=O)C(=O)NC1C(O)OC(CO)C(O)C1O,1,ZSJLQEPLLKMAKR-UHFFFAOYSA-N
O=[N+]([O-])N1CN([N+](=O)[O-])CN([N+](=O)[O-])C1,1,XTFIVUDBNACUBN-UHFFFAOYSA-N
CON=CCC(O[Si](C)(C)C)C(COP(=O)(O[Si](C)(C)C)O[Si](C)(C)C)O[Si](C)(C)C,0,YVRGZISAUYSGJK-UHFFFAOYSA-N
NS(=O)(=O)c1cc(C2(O)NC(=O)c3ccccc32)ccc1Cl,1,JIVPVXMEBJLZRO-UHFFFAOYSA-N
O=C(O)CCCCC1SCC2NC(=O)NC21,1,YBJHBAHKTGYVGT-UHFFFAOYSA-N
O=C(OCCOc1ccccc1F)c1c2c(nc3ccccc13)C(=Cc1ccc3c(c1)OCO3)CCC2,0,AIDOZZUMUCRRIJ-UHFFFAOYSA-N
Cc1c(OCC(F)(F)F)ccnc1C[S+]([O-])c1nc2ccccc2[nH]1,1,MJIHNNLFOKEZEW-UHFFFAOYSA-N
Cc1cccc(C)c1NC(=O)c1cc(S(N)(=O)=O)c(Cl)cc1O,1,MTZBBNMLMNBNJL-UHFFFAOYSA-N
CCCC(=O)Nc1ccc2oc(C)c(CCN(C)Cc3cc(N(C)C)cnn3)c2c1,0,QPPQAIPZQRMIOP-UHFFFAOYSA-N
COc1cc(C=NOCC(=O)NC2CCS(=O)(=O)C2)cc(Cl)c1OC,0,KQFBZGGMBVJHQQ-UHFFFAOYSA-N
c1cnc2cc3c(cc2n1)C1CNCC3C1,1,JQSHBVHOMNKWFT-UHFFFAOYSA-N
CC(n1ncnn1)C(O)(Cn1ccnc1)c1ccc(F)cc1F,0,CWOVDMLCCMRVEB-UHFFFAOYSA-N
Cc1cccc(NC(=O)C(CC(=O)[O-])[NH2+]Cc2ccco2)c1,0,AOCDUIOMWQTZTK-UHFFFAOYSA-N
CC(=O)C1(O)CCC2C3C=C(Cl)C4=CC(=O)C5CC5C4(C)C3CCC21C,1,DUSHUSLJJMDGTE-UHFFFAOYSA-N
N=c1c(Cc2ccccc2)nc(-c2ccccc2)cn1O,0,OMCOCOBSAZHPCG-UHFFFAOYSA-N
O=C(Nc1nc(-c2ccc(Cl)c(Cl)c2)cs1)c1cc([N+](=O)[O-])cc([N+](=O)[O-])c1Cl,0,ZLPJZRXVCZSUGV-UHFFFAOYSA-N
O=C(c1ccc(-c2nnco2)cc1)N1CCN(S(=O)(=O)c2ccccc2)CC1,0,GYCJKJPNDBDTLB-UHFFFAOYSA-N
Cc1noc2cc(OCC(=O)NN3C(=O)CSC3c3ccccc3Cl)ccc12,0,RIKOTBMLNCHCTH-UHFFFAOYSA-N
COc1cc(C)c(C=CC(C)=CC=CC(C)=CC(=O)O)c(C)c1C,1,IHUNBGSDBOWDMA-UHFFFAOYSA-N
CCOC(=O)C(CCc1ccccc1)NC(C)C(=O)N1C(C(=O)O)CC2CCCC21,1,HDACQVRGBOVJII-UHFFFAOYSA-N
CC12CCC(=O)C=C1CCC1C2C(=O)CC2(C)C1CCC2(O)C(=O)CO,1,MFYSYFVPBJMHGN-UHFFFAOYSA-N
C=C1CCC(O)CC1=CC=C1CCCC2(C)C1CCC2C(C)CCC(O)C(C)(C)O,1,FCKJYANJHNLEEP-UHFFFAOYSA-N
OCC1OC(O)C(O)C(O)C1O,1,WQZGKKKJIJFFOK-UHFFFAOYSA-N
CCC1OC(=O)C(C)C(OC2CC(C)(OC)C(O)C(C)O2)C(C)C(OC2OC(C)CC(N(C)C)C2O)C(C)(O)CC(C)CN(C)C(C)C(O)C1(C)O,1,MQTOSJVFKKJCRP-UHFFFAOYSA-N
CCCCCCNC(=O)C(OC(C)=O)C(OC(C)=O)C(COC(C)=O)OC(C)=O,0,CGOSSEQZLNNPDY-UHFFFAOYSA-N
NC(=NCCCCCCN=C(N)N=C(N)Nc1ccc(Cl)cc1)N=C(N)Nc1ccc(Cl)cc1,1,GHXZTYHSJHQHIJ-UHFFFAOYSA-N
O=C(Cn1cnc([N+](=O)[O-])n1)NN=CCc1ccccc1,0,PMDLCSJIUZYZQD-UHFFFAOYSA-N
NCCNCCNCCN,1,VILCJCGEZXAXTO-UHFFFAOYSA-N
CCOc1cc(C=NNc2ccc(S(N)(=O)=O)cc2[N+](=O)[O-])ccc1O,0,FGYGXXGYGAKQLF-UHFFFAOYSA-N
C=CCN1CCC23c4c5ccc(O)c4OC2C(=O)CCC3(O)C1C5,1,UZHSEJADLWPNLE-UHFFFAOYSA-N
Oc1ccc2ccccc2c1C=NCc1ccc2c(c1)OCO2,0,QUFBTIPTBISTFC-UHFFFAOYSA-N
CC(=O)OCC(CCn1cnc2cnc(N)nc21)COC(C)=O,1,GGXKWVWZWMLJEH-UHFFFAOYSA-N
COCC1CCC(c2ccc(C(=O)O)cc2)CC1,0,RJUNDCRSFNELHE-UHFFFAOYSA-N
Nc1nc(NC2CC2)c2ncn(C3C=CC(CO)C3)c2n1,1,MCGSCOLBFJQGHM-UHFFFAOYSA-N
CCCCc1ccc(-n2nc3cc(C)c(NC(=O)C(C)(C)Oc4ccc(Cl)cc4)cc3n2)cc1,0,SRKQVYSMIRLRGI-UHFFFAOYSA-N
CC1CC2C3CCC4=CC(=O)C=CC4(C)C3(F)C(O)CC2(C)C1(O)C(=O)CO,1,UREBDLICKHMUKA-UHFFFAOYSA-N
CC(C)CC(NC(=O)C(CCCCN)NC(=O)CNC(=O)C(CC(C)C)NC(=O)C(NC(=O)C1CSSCC(N)C(=O)NC(CO)C(=O)NC(CC(N)=O)C(=O)NC(CC(C)C)C(=O)NC(CO)C(=O)NC(C(C)O)C(=O)N1)C(C)C)C(=O)NC(CO)C(=O)NC(CCC(N)=O)C(=O)NC(CCC(=O)O)C(=O)NC(CC(C)C)C(=O)NC(Cc1cnc[nH]1)C(=O)NC(CCCCN)C(=O)NC(CC(C)C)C(=O)NC(CCC(N)=O)C(=O)NC(C(=O)NC(Cc1ccc(O)cc1)C(=O)N1CCCC1C(=O)NC(CCCNC(=N)N)C(=O)NC(C(=O)NC(CC(N)=O)C(=O)NC(C(=O)NCC(=O)NC(CO)C(=O)NCC(=O)NC(C(=O)N1CCCC1C(N)=O)C(C)O)C(C)O)C(C)O)C(C)O,1,BBBFJLBPOGFECG-UHFFFAOYSA-N
CC(=O)OC1C(C)OC(OC(C)(C)C)C(F)C1OC(C)=O,0,GTPDRWPEIWCILO-UHFFFAOYSA-N
CC1(C)SC2C(NC(=O)Cc3ccccc3)C(=O)N2C1C(=O)O,1,JGSARLDLIJGVTE-UHFFFAOYSA-N
CCn1cc(C=C2C(=O)NC(=O)N(C(C)c3ccccc3)C2=O)c2ccccc21,0,SDOHFGKMYDTTDO-UHFFFAOYSA-N
Oc1[nH]c(O)c2c1CCCC2,0,GJALSWMYKNXWNK-UHFFFAOYSA-N
Nc1ccn(C2OC(CO)C(O)C2(F)F)c(=O)n1,1,SDUQYLNIPVEERB-UHFFFAOYSA-N
C=CC1=C(C(=O)O)N2C(=O)C(NC(=O)C(=NO)c3csc(N)n3)C2SC1,1,RTXOFQZKPXMALH-UHFFFAOYSA-N
O=NN1CCCC1c1cccnc1,1,XKABJYQDMJTNGQ-UHFFFAOYSA-N
CCCOc1ccc(C(=O)Oc2ccc3ccccc3c2)cc1,0,LCYDULXKKVCMOU-UHFFFAOYSA-N
Cc1nccn1CC1CCc2c(c3ccccc3n2C)C1=O,1,FELGMEQIXOGIFQ-UHFFFAOYSA-N
CCCCCC(O)C=CC1C(O)CC(=O)C1CCCCCCC(=O)O,1,GMVPRGQOIOIIMI-UHFFFAOYSA-N
[H]C([H])([H])C(=O)C([H])([H])C(O)c1ccc([N+](=O)[O-])cc1,0,DKESASVLMZGECV-UHFFFAOYSA-N
CC(=O)Oc1ccccc1C(=O)O,1,BSYNRYMUTXBXSQ-UHFFFAOYSA-N
CCc1ccccc1OCCCNC(C)CC,0,PMBZIGPMCXEXSW-UHFFFAOYSA-N
COc1ccc(Nc2ccc(C(=O)NN=Cc3ccccc3OC(F)F)cc2S(=O)(=O)C(F)F)cc1,0,YPLIPOAALPXZKT-UHFFFAOYSA-N
CCOC(=O)N1CCC(=C2c3ccc(Cl)cc3CCc3cccnc32)CC1,1,JCCNYMKQOSZNPW-UHFFFAOYSA-N
CC1CC2C3CCC4=CC(=O)C=CC4(C)C3(Cl)C(O)CC2(C)C1(O)C(=O)CO,1,NBMKJKDGKREAPL-UHFFFAOYSA-N
CCCCC(CC)COC(=O)CC(C(=O)OCC(CC)CCCC)S(=O)(=O)O,1,HNSDLXPSAYFUHK-UHFFFAOYSA-N
CN1C2CCC1CC(OC(=O)C(CO)c1ccccc1)C2,1,RKUNBYITZUJHSG-UHFFFAOYSA-N
Cc1cc(C(N)C2CC2)c(C)cc1OCc1ccccc1,0,FFNZMTLGNOSLOY-UHFFFAOYSA-N
CCCCC(=O)N(Cc1ccc(-c2ccccc2-c2nn[nH]n2)cc1)C(C(=O)O)C(C)C,1,ACWBQPMHZXGDFX-UHFFFAOYSA-N
COc1cc(C=NOCC(=O)Nc2ccc(C)cc2C)ccc1OCC(C)C,0,ZQFBNUMLXYCHLA-UHFFFAOYSA-N
O=C1NC(c2ccccc2)(c2ccccc2)C(=O)N1COP(=O)(O)O,1,XWLUWCNOOVRFPX-UHFFFAOYSA-N
COc1ccc2c(c1)CCC2=Cc1cncs1,0,YBVSJXCRZPLUNH-UHFFFAOYSA-N
NCCCC(=O)O,1,BTCSSZJGUNDROE-UHFFFAOYSA-N
COCCc1ccc(OCC(O)CNC(C)C)cc1,1,IUBSYMUCCVWXPE-UHFFFAOYSA-N
CC(N)C(=O)NC(CCC(=O)O)C(=O)NCC(=O)NC(C)C(=O)O,0,ZHINKAGINUHQDO-UHFFFAOYSA-N
O=C1CCc2ccc(OCCCCN3CCN(c4cccc(Cl)c4Cl)CC3)cc2N1,1,CEUORZQYGODEFX-UHFFFAOYSA-N
COc1ccc2c3c1OC1C(=O)CCC4(O)C(C2)NCCC314,1,RIKMCJUNPCRFMW-UHFFFAOYSA-N
CC1(C)OC2CC3C4CCC5=CC(=O)C=CC5(C)C4(F)C(O)CC3(C)C2(C(=O)CO)O1,1,YNDXUCZADRHECN-UHFFFAOYSA-N
Cc1ccsc1CN(C)C(=O)CCNC(=O)c1ccc(Cl)cc1,0,YJRIWWMYAATMOG-UHFFFAOYSA-N
CC1CCN(C(=O)CC#N)CC1N(C)c1ncnc2[nH]ccc12,1,UJLAWZDWDVHWOW-UHFFFAOYSA-N
O=C(O)c1ccc([N+](=O)[O-])c(Br)c1C(=O)O,0,MBQRUNBMJUKYAB-UHFFFAOYSA-N
CC(C)(O)c1ccccc1CCC(SCC1(CC(=O)O)CC1)c1cccc(C=Cc2ccc3ccc(Cl)cc3n2)c1,1,UCHDWCPVSPXUMX-UHFFFAOYSA-N
CN=C1CN(O)C(c2ccccc2)=c2cc(Cl)ccc2=N1,1,BUCORZSTKDOEKQ-UHFFFAOYSA-N
O=C(O)C1CC(=O)N(Cc2ccccc2)C(=Nc2ccc(OC(F)(F)F)cc2)S1,0,WNDPOWHXYVZJNT-UHFFFAOYSA-N
CCC(C)(C)C(=O)OC1CC(C(=O)O)=CC2=CCC(C)C(CCC3CC(O)CC(=O)O3)C21,0,CGKWQIRKHPKYEV-UHFFFAOYSA-N
OCc1cc(C(O)CNCCCCCCOCCOCc2c(Cl)cccc2Cl)ccc1O,1,DAFYYTQWSAWIGS-UHFFFAOYSA-N
Cc1nc2n(c(=O)c1CCN1CCC(c3noc4cc(F)ccc34)CC1)CCCC2,1,RAPZEAPATHNIPO-UHFFFAOYSA-N
CC(=Cc1c([N+](=O)[O-])cc([N+](=O)[O-])cc1[N+](=O)[O-])C(=O)O,0,IDVJDLUDMJIFJD-UHFFFAOYSA-N
COc1cc(C(=O)NS(=O)(=O)c2ccccc2C)ccc1Cc1cn(C)c2ccc(NC(=O)OC3CCCC3)cc12,1,YEEZWCHGZNKEEK-UHFFFAOYSA-N
CC(=O)NC1C(O)OC(CO)C(O)C1OC1OC(C(=O)O)=CC(O)C1O,1,DLGJWSVWTWEWBJ-UHFFFAOYSA-N
CC(C)(C)c1ccc(C(=O)N2CCC3(CC2)NC(C(=O)NCc2ccc4c(c2)OCO4)CS3)cc1,0,YYCQWIACRRXHIU-UHFFFAOYSA-N
CCCCCC(O)C=CC1C(O)CC(=O)C1CC=CCCCC(=O)O,1,XEYBRNLFEZDVAW-UHFFFAOYSA-N
CCCCC(Oc1ccc(-c2ccccc2)cc1)C(=O)NC1CC(O)C(O)NC(=O)C2C(O)C(C)CN2C(=O)C(C(C)O)NC(=O)C(C(O)C(O)c2ccc(O)cc2)NC(=O)C2CC(O)CN2C(=O)C(C(C)O)NC1=O,0,QAFLCRPTOZYECX-UHFFFAOYSA-N
Cn1c(CCCC(=O)O)nc2cc(N(CCCl)CCCl)ccc21,1,YTKUWDBFDASYHO-UHFFFAOYSA-N
CNC1(c2ccccc2Cl)CCCCC1=O,1,YQEZLKZALYSWHR-UHFFFAOYSA-N
Cc1cc(C)cc(N)c1,1,MKARNSWMMBGSHX-UHFFFAOYSA-N
COc1ccccc1N1CCN(CCCCOc2ccc(Cl)cc2)CC1,0,LLTJDTZZZQEHTC-UHFFFAOYSA-N
Cc1ccc(S(=O)(=O)NCCC(=O)N(C)CC(=O)Nc2c(C)cccc2C)cc1,0,FSFCLTNDBYJDMM-UHFFFAOYSA-N
C#CCN(C(=O)C(C)c1ccc(Cl)cc1)S(=O)(=O)c1c(C)noc1C,0,FTQNGPPJHGUNCT-UHFFFAOYSA-N
CC(=O)c1cccc(NC(=O)C(OC(=O)c2ccc(C)cc2O)c2ccccc2)c1,0,NCVLOQXFQLTWFI-UHFFFAOYSA-N
O=C(O)CNc1ccc2c(=O)n3c(nc2c1)C(=Cc1ccccc1)CC3,0,OFNDQVNYDMKDIF-UHFFFAOYSA-N
Cc1ccccc1C(OCCN(C)C)c1ccccc1,1,QVYRGXJJSLMXQH-UHFFFAOYSA-N
COc1ccc(CC(C)NCC(O)c2ccc(O)c(NC=O)c2)cc1,1,BPZSYCZIITTYBL-UHFFFAOYSA-N
CC(C)(c1ccc(O)cc1)c1ccc(O)cc1,1,IISBACLAFKSPIT-UHFFFAOYSA-N
C=CCCC(Cl)=NCC=C,0,ZAOGMYHRIGUOHX-UHFFFAOYSA-N
C1CCC(n2nnnc2CN2CCCCCC2)CC1,0,RBYFYNYWAVLPDO-UHFFFAOYSA-N
CC(C)CCN1CCOCC1,0,PWPUPXJJCPIOGY-UHFFFAOYSA-N
CN(C)C(=O)c1cc2cnc(Nc3ccc(N4CCNCC4)cn3)nc2n1C1CCCC1,1,RHXHGRAEPCAFML-UHFFFAOYSA-N
CCc1cc(CC)n(-c2nc3c(c(=O)n(C)c(=O)n3C)n2Cc2ccccc2C)n1,0,OVAUNDZBWBQEPC-UHFFFAOYSA-N
CCOc1ccc(Cc2cc(C3OC(CO)C(O)C(O)C3O)ccc2Cl)cc1,1,JVHXJTBJCFBINQ-UHFFFAOYSA-N
C=C1C(=CC=C2CCCC3(C)C2CCC3C(C)CCCC(C)C)CC(O)CC1O,1,OFHCOWSQAMBJIW-UHFFFAOYSA-N
CC12CCC(=O)C=C1CCC1C2C(O)CC2(C)C1CCC2(O)C(=O)COC(=O)CCC1CCCC1,1,DLVOSEUFIRPIRM-UHFFFAOYSA-N
O=c1[nH]cnc2[nH]ncc12,1,OFCNXPDARWKPPY-UHFFFAOYSA-N
CC(=O)c1c(C)c2cnc(Nc3ccc(N4CCNCC4)cn3)nc2n(C2CCCC2)c1=O,1,AHJRHEGDXFFMBM-UHFFFAOYSA-N
c1ccc(-c2ccc(C3=Nc4ncnn4C(c4ccsc4)C3)cc2)cc1,0,MUGMFQADEMTRRP-UHFFFAOYSA-N
O=C(O)c1ccccc1C(=O)Nc1ccc(S(=O)(=O)Nc2nccs2)cc1,1,PBMSWVPMRUJMPE-UHFFFAOYSA-N
O=C1OC(C(O)CO)C(O)C1=O,1,KRGQEOSDQHTZMX-UHFFFAOYSA-N
C=CCNC(=S)NN=CC=Cc1ccccc1,0,OYSQRHBBGFUUOF-UHFFFAOYSA-N
CCC1=C2CCCC2(CO)COC1=O,0,CUDKKLKUTMDELK-UHFFFAOYSA-N
O=P(O)(O)C(O)(Cn1ccnc1)P(=O)(O)O,1,XRASPMIURGNCCH-UHFFFAOYSA-N
C=C1CC2C(CCC3(C)C(=O)CCC23)C2(C)C=CC(=O)C=C12,1,BFYIZQONLCFLEV-UHFFFAOYSA-N
O=C(C[NH+]1CCN(S(=O)(=O)N2CCCCC2)CC1)Nc1ccc(Br)cc1,0,UDVJHGMHEFDERU-UHFFFAOYSA-O
O=C(c1ccc(OCCN2CCCCC2)cc1)c1c(-c2ccc(O)cc2)sc2cc(O)ccc12,1,GZUITABIAKMVPG-UHFFFAOYSA-N
CCN(CC)c1ccc(C(=O)NNC(=O)COC(=O)c2ccc(C)s2)cc1,0,MTVLADBQUCINRO-UHFFFAOYSA-N
Cc1c(N(C)CS(=O)(=O)O)c(=O)n(-c2ccccc2)n1C,1,LVWZTYCIRDMTEY-UHFFFAOYSA-N
Cc1cccc(C)c1NC(=O)c1cc(Br)ccc1OCC(C)C,0,DAEYRFKNAWXLJV-UHFFFAOYSA-N
Cc1nn(-c2ccccc2)c(Cl)c1C=C1COc2ccc(Cl)cc2C1=O,0,SCKARHMUVBQDCI-UHFFFAOYSA-N
CCC1(C)CC(=O)NC1=O,1,HAPOVYFOVVWLRS-UHFFFAOYSA-N
O=C(Cn1cnc2ccccc21)NN=CC1CCCCC1,0,YIZMHXXIXBSMCX-UHFFFAOYSA-N
Nc1ccn(CC(CO)OCP(=O)(O)O)c(=O)n1,1,VWFCHDSQECPREK-UHFFFAOYSA-N
COc1cc(CNC(=O)CCCCC=CC(C)C)ccc1O,1,YKPUWZUDDOIDPM-UHFFFAOYSA-N
COc1ccc(C(=O)Nc2ccc(NC(=O)C(C)C)nc2)cc1,0,BLVSYDCQAWEQRV-UHFFFAOYSA-N
COc1ccc(C=CC(=O)Oc2ccc(C#N)cc2)cc1,0,BOJGDNBMESRWSE-UHFFFAOYSA-N
O=C(Nc1nc2cccc(-c3ccc(CN4CCS(=O)(=O)CC4)cc3)n2n1)C1CC1,1,RIJLVEAXPNLDTC-UHFFFAOYSA-N
CCCc1nc(C(C)(C)O)c(C(=O)O)n1Cc1ccc(-c2ccccc2-c2nn[nH]n2)cc1,1,VTRAEEWXHOVJFV-UHFFFAOYSA-N
O=C1CCC(N2Cc3ccccc3C2=O)C(=O)N1,1,WENKGSGGXGQHSH-UHFFFAOYSA-N
O=C(C[N+]12CC[N+](CC(=O)Nc3cccc(C(F)(F)F)c3)(CC1)CC2)Nc1cccc(C(F)(F)F)c1,0,FQHVFBZZPAHKPQ-UHFFFAOYSA-P
O=C(CNCc1ccco1)Nc1ncc(Cc2c(Cl)cccc2Cl)s1,0,ZCIZDWIRSJJMRG-UHFFFAOYSA-N
CCCN(CCC)CCc1cccc2c1CC(=O)N2,1,UHSKFQJFRQCDBE-UHFFFAOYSA-N
Cc1ccc(Sc2ccc(C(=O)NC3CN4CCC3CC4)s2)cn1,0,ZGJCWFUVVQCYMB-UHFFFAOYSA-N
COc1ccc(C)cc1N,1,WXWCDTXEKCVRRO-UHFFFAOYSA-N
CC(C)(C)NCC(O)CSc1nc(-c2ccc(C(N)=O)s2)cs1,1,BHIAIPWSVYSKJS-UHFFFAOYSA-N
C[Si]1(C)[Si](C)(C)[Si](C)(C)[Si](C)(Br)[Si](C)(C)[Si]1(C)C,0,CKQSMMJZBOLRJN-UHFFFAOYSA-N
CC(C)(C)c1cc(CCCc2cncnc2OCc2ccccc2)ccc1C(=O)O,0,TZMCXZWYKCCCJI-UHFFFAOYSA-N
COc1c(C)c2c(c(O)c1CC=C(C)CCC(=O)O)C(=O)OC2,1,HPNSFSBZBAHARI-UHFFFAOYSA-N
CC(=O)OC1(C(C)=O)CCC2C3C=C(C)C4=CC(=O)CCC4(C)C3CCC21C,1,RQZAXGRLVPAYTJ-UHFFFAOYSA-N
CCOC(=O)c1csc(-n2cccc2)n1,0,SOHUIKMMDCMYBK-UHFFFAOYSA-N
CC(=O)NC(=S)NNC(=O)COc1ccc(Cl)cc1Br,0,PDKZZWVYCIOVBM-UHFFFAOYSA-N
CC(=O)OCC1OC(OCC#CC#CCOC2OC(COC(C)=O)C(OC(C)=O)C(OC(C)=O)C2OC(C)=O)C(OC(C)=O)C(OC(C)=O)C1OC(C)=O,0,ZKHASYCODAMHFW-UHFFFAOYSA-N
CCCCc1nc(Cl)c(CO)n1Cc1ccc(-c2ccccc2-c2nn[nH]n2)cc1,1,PSIFNNKUMBGKDQ-UHFFFAOYSA-N
Cc1cn(C2CC(N=[N+]=[N-])C(COP(=O)(O)OP(=O)(O)OP(=O)(O)O)O2)c(=O)[nH]c1=O,1,GLWHPRRGGYLLRV-UHFFFAOYSA-N
CC(=O)Nc1cccc(C(=O)Nc2ccccc2N)c1,0,YZTKBAWUTHIZDA-UHFFFAOYSA-N
CC1CC2C3CCC4=CC(=O)C=CC4(C)C3(F)C(O)CC2(C)C1(O)C(=O)COP(=O)(O)O,1,VQODGRNSFPNSQE-UHFFFAOYSA-N
CC(CS)C(=O)N1CCCC1C(=O)O,1,FAKRSMQSSFJEIM-UHFFFAOYSA-N
Nc1ccc(S(=O)(=O)c2ccc(N)cc2)cc1,1,MQJKPEGWNLWLTK-UHFFFAOYSA-N
CCC(C)C(=O)OC1CC(O)C=C2C=CC(C)C(CCC(O)CC(O)CC(=O)O)C21,1,TUZYXOIXSAXUGO-UHFFFAOYSA-N
O=C(C=Cc1ccccc1)c1ccc(OCc2ccccc2)cc1OCC1CO1,0,NYGVKKULCRTECA-UHFFFAOYSA-N
CCCC[Si](C)(C)Oc1ccc(C(=O)OCC)cc1,0,DVACDJYIMXNSHB-UHFFFAOYSA-N
CCC1(CCCn2cc(-c3ccccc3[N+](=O)[O-])cc2C(=O)OC)CC1(Br)Br,0,MCOSDAZGMAKVFS-UHFFFAOYSA-N
Nc1nc(N)c2nc(-c3ccccc3)c(N)nc2n1,1,FNYLWPVRPXGIIP-UHFFFAOYSA-N
CC1(C)SC2C(NC(=O)C(N)c3ccc(O)cc3)C(=O)N2C1C(=O)O,1,LSQZJLSUYDQPKJ-UHFFFAOYSA-N
COc1ccc2[nH]cc(CC(=O)Nc3cc(C4CC4)[nH]n3)c2c1,0,SBJASJFPLKDZPJ-UHFFFAOYSA-N
COc1ccc(COC2C(O)C(OCc3ccccc3)C(OP(=O)(Oc3ccccc3)Oc3ccccc3)C(OCc3ccc(OC)cc3)C2O)cc1,0,YJAOXYWZDOHFBJ-UHFFFAOYSA-N
CC1(NC(=O)CSc2nc3cc(Cl)ccc3[nH]2)CCS(=O)(=O)C1,0,RFHPGUXMYDFDEA-UHFFFAOYSA-N
ClC1=C(Cl)C2(Cl)C3CCC2C2CCCC3C12Cl,0,GFRFUORTJVBIGA-UHFFFAOYSA-N
CCOc1ccc(CC(=O)NCCSc2c(-c3ccc(Br)cc3)[nH]c3ccccc23)cc1,0,VOEJEVXKDZEDMB-UHFFFAOYSA-N
COc1cccc(-c2c(C)n(Cc3c(F)cccc3C(F)(F)F)c(=O)n(CC(NCCCC(=O)O)c3ccccc3)c2=O)c1F,1,HEAUOKZIVMZVQL-UHFFFAOYSA-N
CNCCC(Oc1cccc2ccccc12)c1cccs1,1,ZEUITGRIYCTCEM-UHFFFAOYSA-N
CC1CC2C(C(O)CC3(C)C2CCC3(O)C(=O)CO)C2(C)C=CC(=O)C=C12,1,VHRSUDSXCMQTMA-UHFFFAOYSA-N
CC(C)CN(CC(=O)N(Cc1cccn1Cc1ccccc1)C1CCCCC1)S(=O)(=O)c1ccc2ccccc2c1,0,AOULZESDVYXWFQ-UHFFFAOYSA-N
COc1ccc2cc(CCC(C)=O)ccc2c1,1,BLXXJMDCKKHMKV-UHFFFAOYSA-N
CC(NC(=O)c1ccccc1NC(=O)COC(=O)c1cccc(O)c1)c1ccccc1,0,FNFRTRKJQKHLGM-UHFFFAOYSA-N
Nc1cc2c(cc1C=NO)OCO2,0,RMXLGPGLIPDDSK-UHFFFAOYSA-N
COCC(=O)N1CCCc2ccc(NC(=O)c3cc(Br)ccc3Cl)cc21,0,BPQLLHVBBKZILR-UHFFFAOYSA-N
CNCCc1ccccn1,1,UUQMNUMQCIQDMZ-UHFFFAOYSA-N
CC1(C)OC2COC3(COS(N)(=O)=O)OC(C)(C)OC3C2O1,1,KJADKKWYZYXHBB-UHFFFAOYSA-N
COC(=O)CCNC(=O)C(C)Sc1cc(-n2c(=O)cc(C(F)(F)F)n(C)c2=O)c(F)cc1Cl,1,QPTPZPIXUPELRM-UHFFFAOYSA-N
CC1CC2C3CCC4=CC(=O)C=CC4(C)C3(Cl)C(O)CC2(C)C1(O)C(=O)CCl,1,QLIIKPVHVRXHRI-UHFFFAOYSA-N
CCCc1cc(=O)[nH]c(=S)[nH]1,1,KNAHARQHSZJURB-UHFFFAOYSA-N
CCCC(C)C1(CC)C(=O)NC(=O)NC1=O,1,WEXRUCMBJFQVBZ-UHFFFAOYSA-N
CCCn1nnnc1COC(=O)c1ccccc1NC(=O)Cc1ccccc1,0,SKUKAHHHVODWAP-UHFFFAOYSA-N
Cc1ccc(-c2ccc3c(N)c(C(=O)Nc4ccc5c(c4)OCO5)sc3n2)cc1,0,NJCRTYOPBLYZRG-UHFFFAOYSA-N
CCCCCCCCCCC(C(=O)OCC(COC(=O)C(CCCCCCCCCC)C(C)(C)C)OC(=O)C(CCCCCCCCCC)C(C)(C)C)C(C)(C)C,0,YDNONXQHWZJHHC-UHFFFAOYSA-N
CC=CCC(C)C(O)C1C(=O)NC(CC)C(=O)N(C)CC(=O)N(C)C(CC(C)C)C(=O)NC(C(C)C)C(=O)N(C)C(CC(C)C)C(=O)NC(C)C(=O)NC(C)C(=O)N(C)C(CC(C)C)C(=O)N(C)C(CC(C)C)C(=O)N(C)C(C(C)C)C(=O)N1C,1,PMATZTZNYRCHOR-UHFFFAOYSA-N
COC1CC2CCC(C)C(O)(O2)C(=O)C(=O)N2CCCCC2C(=O)OC(C(C)CC2CCC(O)C(OC)C2)CC(=O)C(C)C=C(C)C(O)C(OC)C(=O)C(C)CC(C)C=CC=CC=C1C,1,QFJCIRLUMZQUOT-UHFFFAOYSA-N
COc1cc(C=NNC(=O)COc2ccc(C)cc2)ccc1OC(=O)c1sc2ccccc2c1Cl,0,GTXUWNHXAWRLON-UHFFFAOYSA-N
C#CCNC1CCc2ccccc21,1,RUOKEQAAGRXIBM-UHFFFAOYSA-N
Cc1cccc(C)c1OCC(=O)NC(Cc1ccccc1)C(O)CC(Cc1ccccc1)NC(=O)C(C(C)C)N1CCCNC1=O,1,KJHKTHWMRKYKJE-UHFFFAOYSA-N
Cc1c(NC(=O)c2[nH]ncc2Br)c(=O)n(-c2ccccc2)n1C,0,QCPCJAYPIBBMFP-UHFFFAOYSA-N
CC(c1ccc(O)cc1)c1ccc(O)cc1,1,HCNHNBLSNVSJTJ-UHFFFAOYSA-N
CCC(C)C(NC(=O)CSc1ccccc1F)C(=O)OC,0,CHIOIUGNMZSYLD-UHFFFAOYSA-N
C[S+](C)[O-],1,IAZDPXIOMUYVGZ-UHFFFAOYSA-N
C=CCN(C)c1nc(NCCO)nc2c1ncn2C(C)C,0,SMIYJFXDXQQMIX-UHFFFAOYSA-N
CC1(C)SC2C(NC(=O)COc3ccccc3)C(=O)N2C1C(=O)O,1,BPLBGHOLXOTWMN-UHFFFAOYSA-N
Cc1cccc(N2CCN(CC(=O)N3CCN(Cc4ccccc4F)CC3)CC2)c1C,0,RWHDOQZPJLZGDM-UHFFFAOYSA-N
CC1CC2C3CCC4=CC(=O)C=CC4(C)C3C(=O)CC2(C)C1(O)C(=O)CO,1,PIDANAQULIKBQS-UHFFFAOYSA-N
CC1(C)OC2CC3C4CC(F)C5=CC(=O)C=CC5(C)C4C(O)CC3(C)C2(C(=O)CO)O1,1,XSFJVAJPIHIPKU-UHFFFAOYSA-N
CC(NC(=O)CSc1nnc2ccccn12)c1ccc2c(c1)CCCC2,0,HTRMPNAUJSCTLN-UHFFFAOYSA-N
CON(C)C(=O)Nc1ccc(Cl)c(Cl)c1,1,XKJMBINCVNINCA-UHFFFAOYSA-N
CCCOC(=O)c1ccccc1C(=O)OCCC,1,MQHNKCZKNAJROC-UHFFFAOYSA-N
O=C(c1ccc(-n2cc(-c3ccncn3)cn2)cc1)N1CCN(Cc2ccccc2)CC1,0,UMOAZRZOEXMETL-UHFFFAOYSA-N
CC(=O)OCC1CC1c1ccccc1,0,NJRPHCOIPZNJRF-UHFFFAOYSA-N
Cc1cc(C(C)(C)C)cc(C)c1CC1=NCCN1,1,HUCJFAOMUPXHDK-UHFFFAOYSA-N
Cc1ccc(C=CC(=O)Nc2ccccc2[N+](=O)[O-])o1,0,IGTAAKDVLAVIRN-UHFFFAOYSA-N
C#CC1(OC(C)=O)CCC2C3CCC4=CC(=O)CCC4C3CCC21C,1,IMONTRJLAWHYGT-UHFFFAOYSA-N
CC(C)OC(=O)OCOP(=O)(COC(C)Cn1cnc2c(N)ncnc21)OCOC(=O)OC(C)C,1,JFVZFKDSXNQEJW-UHFFFAOYSA-N
Cc1nnc2n1-c1ccc(Cl)cc1C(c1ccccc1)=NC2,1,VREFGVBLTWBCJP-UHFFFAOYSA-N
CCNC1CC(C)S(=O)(=O)c2sc(S(N)(=O)=O)cc21,1,IAVUPMFITXYVAF-UHFFFAOYSA-N
Cc1ccc(CN(CC(C)N2CCN(C)CC2)C(=O)COc2ccc(C)cc2)cc1,0,KJLBKJVPFPNIOD-UHFFFAOYSA-N
NC(Cc1cc(I)c(Oc2ccc(O)c(I)c2)c(I)c1)C(=O)O,1,AUYYCJSJGJYCDS-UHFFFAOYSA-N
CN(C)C(=O)Cl,1,YIIMEMSDCNDGTB-UHFFFAOYSA-N
COc1cccc2cc(C(=O)N(Cc3ccccc3)Cc3ccc(F)cc3)c(=O)oc12,0,OAEGGZCETJJBBM-UHFFFAOYSA-N
COc1cc2nc(SCC(=O)N(C(C)C)C(C)C)n(CCC3=CCCCC3)c(=O)c2cc1OC,0,QZGWBUBFTXRPLF-UHFFFAOYSA-N
CC(C)(C(=O)O)c1ccc(C(O)CCCN2CCC(C(O)(c3ccccc3)c3ccccc3)CC2)cc1,1,RWTNPBWLLIMQHL-UHFFFAOYSA-N
COc1cc(NC(=O)C=Cc2ccc(C(C)C)cc2)ccc1NC(=O)C(C)C,0,PWTZPTROMDXDGW-UHFFFAOYSA-N
CC(C)Cn1c(SCC(=O)N(C)CC(=O)Nc2ccccc2Cl)nc2ccccc21,0,ZJLAZGHJAYXECO-UHFFFAOYSA-N
Cc1nn(Cn2ccc(C(=O)Nc3ccc(S(=O)(=O)N4CCOCC4)cc3)n2)c(C)c1Br,0,CVBKGOPFFJLBNE-UHFFFAOYSA-N
CNNCc1ccc(C(=O)NC(C)C)cc1,1,CPTBDICYNRMXFX-UHFFFAOYSA-N
Cc1ccc(N(C)C)cc1,1,GYVGXEWAOAAJEU-UHFFFAOYSA-N
Cn1cc[nH]c1=S,1,PMRYVIKBURPHAH-UHFFFAOYSA-N
CC(=NNS(=O)(=O)c1ccc(C)cc1)c1cc2ccccc2oc1=O,0,KQZAQSTXKQYKQZ-UHFFFAOYSA-N
C=C(C)C1Cc2c(ccc3c2OC2COc4cc(OC)c(OC)cc4C2C3=O)O1,1,JUVIOZPCNVVQFO-UHFFFAOYSA-N
CS(=O)(=O)Nc1ccccc1C(=O)OCC(=O)Nc1c(F)cccc1F,0,RREFLLHGRPQIFQ-UHFFFAOYSA-N
CCOC(=O)C1C(=O)OC(C)(C)C1C(CC)C(=O)c1c(C)cc(C)cc1C,0,AUGICTWZDMWTJI-UHFFFAOYSA-N
CCN1CCN(c2ccc(NC(=O)CSc3nc(-c4ccccc4)c(-c4ccccc4)o3)cc2)CC1,0,CPVVXVWLRXUIFE-UHFFFAOYSA-N
COc1ccc2c(C)c(CCC(=O)Nc3cccc(C(C)=O)c3)c(=O)oc2c1C,0,AKOQTZSALFCCQM-UHFFFAOYSA-N
C=C(Cl)C(Cl)CCl,1,WZUZDBPJFHQVJC-UHFFFAOYSA-N
NC(=O)NN=C(c1ccccc1)C1C(c2ccccc2)N1Cc1ccccc1,0,FSIUAQMAYGKOLL-UHFFFAOYSA-N
OCc1ccccc1,1,WVDDGKGOMKODPV-UHFFFAOYSA-N
CC(=O)OC1(C(C)=O)CCC2C3CC(C)C4=CC(=O)CCC4(C)C3CCC21C,1,PSGAAPLEWMOORI-UHFFFAOYSA-N
CC(C)(C)C1COC(=O)C(Cc2ccccc2)CCC=CCC(CC(=O)N(CCO)Cc2ccccc2)C(=O)N1,0,DLXWVCJAFPKGET-UHFFFAOYSA-N
CC(C)(C)c1cc(O)ccc1O,1,BGNXCDMCOKJUMV-UHFFFAOYSA-N
CCCc1nc(C(C)(C)O)c(C(=O)OCc2oc(=O)oc2C)n1Cc1ccc(-c2ccccc2-c2nn[nH]n2)cc1,1,UQGKUQLKSCSZGY-UHFFFAOYSA-N
COc1ccc(C2Sc3ccccc3N(CCN(C)C)C(=O)C2OC(C)=O)cc1,1,HSUGRBWQSSZJOP-UHFFFAOYSA-N
ClCC=CCCl,1,FQDIANVAWVHZIR-UHFFFAOYSA-N
CNC(C)Cc1ccccc1,1,MYWUZJCMWCOHBA-UHFFFAOYSA-N
CCOCCN1CCN(c2cc(C)nc3cc(-c4ccc(F)cc4)nn23)CC1,0,JNBDNFPSNIQYIS-UHFFFAOYSA-N
CCOc1cc(C=NNC(=O)c2ccccc2Br)ccc1O,0,ZUZVQTKVXFUXBJ-UHFFFAOYSA-N
CC(=O)OCC(=O)C12N=C(C)OC1CC1C3CCC4=CC(=O)C=CC4(C)C3C(O)CC12C,1,FBHSPRKOSMHSIF-UHFFFAOYSA-N
COc1cc(O)c2c(c1-c1c(OC)cc(O)c3c1C(=O)c1cc(C)cc(O)c1C3=O)C(=O)c1cc(C)cc(O)c1C2=O,0,HUKJNRKSWUNQME-UHFFFAOYSA-N
O=C(OC1C[N+]2(CCCOc3ccccc3)CCC1CC2)C(O)(c1cccs1)c1cccs1,1,ASMXXROZKSBQIH-UHFFFAOYSA-N
NC(=O)c1[nH]c2ccc(CN3CCN(c4ncccn4)CC3)cc2c1Sc1ccccc1,0,YUDYVWVBVNISFO-UHFFFAOYSA-N
COc1cc(C(=O)Oc2ccccc2C=CC(=O)c2ccccc2)cc(OC)c1OC,0,VHUYJIKHLYDYLK-UHFFFAOYSA-N
CS(=O)(=O)OCC(O)C(O)COS(C)(=O)=O,1,YCPOZVAOBBQLRI-UHFFFAOYSA-N
CN(C)CCC=C1c2ccccc2COc2ccccc21,1,ODQWQRRAPPTVAG-UHFFFAOYSA-N
Cc1ccc(-n2nc(C)c(NC(=O)COC(=O)C3(C)CC3(Cl)Cl)c2C)cc1,0,RTLHBFZCECXIJS-UHFFFAOYSA-N
NNc1nncc2ccccc12,1,RPTUSVTUFVMDQK-UHFFFAOYSA-N
O=C(C=Cc1ccc(O)cc1)c1ccc(O)cc1O,1,DXDRHHKMWQZJHT-UHFFFAOYSA-N
c1ccc2ccccc2c1,1,UFWIBTONFRDIAS-UHFFFAOYSA-N
CSC1=NCCN1C(=O)c1cc(C(F)(F)F)cc(C(F)(F)F)c1,0,PPNZHGIKSOWAKW-UHFFFAOYSA-N
O=C(NC1CCNC1)OCc1cc2ccccc2nc1Cl,0,LAXJZDSEVPXZMB-UHFFFAOYSA-N
COCCNc1cc(-c2ccccc2)nc(-c2cccnc2)n1,0,WPKZUJNCYZAOEC-UHFFFAOYSA-N
COc1cccc(CC(=O)OC(C)C(=O)Nc2ccccc2OC)c1,0,XQVBBGONZNEWLZ-UHFFFAOYSA-N
CCCCc1oc2ccccc2c1C(=O)c1cc(I)c(OCCN(CC)CC)c(I)c1,1,IYIKLHRQXLHMJQ-UHFFFAOYSA-N
COc1ccc(C(OCC(O)C[NH2+]Cc2ccccc2F)c2ccc(OC)cc2)cc1,0,ZFTDVXNPRFPKNW-UHFFFAOYSA-O
CC(=O)Oc1ccc(C(c2ccc(OC(C)=O)cc2)c2ccccn2)cc1,1,KHOITXIGCFIULA-UHFFFAOYSA-N
CCOc1ccc(C(=O)Nc2c(C(=O)Nc3ccc([N+](=O)[O-])cc3)oc3ccccc23)cc1,0,XLNHMRYOJUISIZ-UHFFFAOYSA-N
O=CNc1nc(-c2ccc([N+](=O)[O-])o2)cs1,1,ZQBWQLJJMGJREB-UHFFFAOYSA-N
ClC=CC[N+]12CN3CN(CN(C3)C1)C2,1,LDLCEGCJYSDJLX-UHFFFAOYSA-N
Cc1cc(C)[nH]c(=NC(=NS(=O)(=O)c2ccc(F)cc2)Nc2cc(Cl)ccc2C(=O)c2ccccc2)n1,0,GCDYUTBLUMDEKC-UHFFFAOYSA-N
COc1cccc2c1C(=O)c1c(O)c3c(c(O)c1C2=O)CC(O)(C(=O)CO)CC3OC1CC(N)C(O)C(C)O1,1,AOJJSUZBOXZQNB-UHFFFAOYSA-N
COc1cc(Br)c(Br)c(C=Nc2cc(C(F)(F)F)ccc2N2CCOCC2)c1O,0,LDZJKEXLKKPSOD-UHFFFAOYSA-N
Cc1ncc2n1-c1ccc(Cl)cc1C(c1ccccc1F)=NC2,1,DDLIGBOFAVUZHB-UHFFFAOYSA-N
Clc1cc2c(cc1Cl)Oc1cc(Cl)c(Cl)cc1O2,1,HGUFODBRKLSHSI-UHFFFAOYSA-N
CC(NC(=O)COc1ccc(C=NNC(=O)CO)cc1)c1ccccc1,0,WZTUPWBPANZRIU-UHFFFAOYSA-N
O=C(O)C(F)(F)C(F)(F)C(F)(F)C(F)(F)C(F)(F)C(F)(F)C(F)(F)C(F)(F)F,1,UZUFPBIDKMEQEQ-UHFFFAOYSA-N
Clc1ccccc1C(c1ccccc1)(c1ccccc1)n1ccnc1,1,VNFPBHJOKIVQEB-UHFFFAOYSA-N
CN(CC=CC#CC(C)(C)C)Cc1cccc2ccccc12,1,DOMXUEMWDBAQBQ-UHFFFAOYSA-N
Cc1onc(-c2ccccc2)c1-c1ccc(S(N)(=O)=O)cc1,1,LNPDTQAFDNKSHK-UHFFFAOYSA-N
COC(=O)c1ccc(N=C2SC(=Cc3ccc(C(F)(F)F)cc3)C(=O)N2C)cc1,0,DPKBJGSXSNWBKF-UHFFFAOYSA-N
O=C(NNC(=O)c1ccc(F)cc1F)c1ccc(COc2ccccc2)cc1,0,JBUFCQYYCSFQQW-UHFFFAOYSA-N
COc1ccc(NC(=O)C2CC(C(C)O)[NH2+]C23C(=O)Nc2ccc(C)cc23)cc1,0,BFXYJHATFXQDDP-UHFFFAOYSA-O
O=C1CCC(N2C(=O)c3ccccc3C2=O)C(=O)N1,1,UEJJHQNACJXSKW-UHFFFAOYSA-N
Cc1cc(C=CC#N)cc(C)c1Nc1ccnc(Nc2ccc(C#N)cc2)n1,1,YIBOMRUWOWDFLG-UHFFFAOYSA-N
COC(=O)C1=C(C)NC(C)=C(C(=O)OC)C1c1ccccc1[N+](=O)[O-],1,HYIMSNHJOBLJNT-UHFFFAOYSA-N
Cc1ccc2nc(NC(=O)c3ccc(COc4ccccc4Br)o3)sc2c1,0,DDBDQHLSLOCDQX-UHFFFAOYSA-N
C[N+](C)(C)CCC(=O)Nc1cccc2c1C(=O)c1c(NC(=O)CC[N+](C)(C)C)cccc1C2=O,0,UMXTXLZAKAPLTM-UHFFFAOYSA-P
CC(NC(=O)C(C)(Cc1c[nH]c2ccccc12)NCc1ccc2ccccc2n1)c1ccccc1,0,SZOHGJJULPOBRU-UHFFFAOYSA-N
OCCOCCN1CCN(C(c2ccccc2)c2ccc(Cl)cc2)CC1,1,ZQDWXGKKHFNSQK-UHFFFAOYSA-N
CC(C)(c1cc(Br)c(O)c(Br)c1)c1cc(Br)c(O)c(Br)c1,1,VEORPZCZECFIRK-UHFFFAOYSA-N
CC(C)(C)C1CCc2c(sc3nc(SCC(=O)Nc4ccccc4F)n(-c4ccccc4)c(=O)c23)C1,0,BAKWLYHZZAZSQD-UHFFFAOYSA-N
C#C[Sn](CCCC)(CCCC)C(C)(C)C,0,LKVANPGSORCOSD-UHFFFAOYSA-N
CCCCc1nc(Cl)c(CO)n1Cc1ccc(-c2ccccc2-c2nnn[nH]2)cc1,1,PSIFNNKUMBGKDQ-UHFFFAOYSA-N
Cc1c(CCC(=O)NCC(=O)O)c(=O)oc2cc(O)c(Cl)cc12,0,ZRCQXXHGJHOLTP-UHFFFAOYSA-N
O=C(O)C1(O)CC(O)CCO1,0,NYJRIAARISAIRT-UHFFFAOYSA-N
O=C(CNC(=O)c1ccco1)NN=Cc1cc(Br)c(O)c(Br)c1O,0,FGOBZAHKTNDLSR-UHFFFAOYSA-N
O=c1c(Cl)c(OCc2ccc(F)cc2)cnn1-c1cccc(C(F)(F)F)c1,0,SYXZAYAAQUHQGT-UHFFFAOYSA-N
CC(C)Sc1nnc(CN)o1,0,XJIRLOKWNAIORQ-UHFFFAOYSA-N
CC(=O)N1CN(c2ccccc2)C2(CCN(CCCC(=O)c3ccc(F)cc3)CC2)C1=O,0,SUSMCPRTEKTGJP-UHFFFAOYSA-N
CC12C=CC(=O)C=C1CCC1C2C(O)CC2(C)C1CCC2(O)C(=O)CO,1,OIGNJSKKLXVSLS-UHFFFAOYSA-N
CC(Cl)CCl,1,KNKRKFALVUDBJE-UHFFFAOYSA-N
CC(C)CC(NC(=O)C(CCCCN)NC(=O)CNC(=O)C(CC(C)C)NC(=O)C(NC(=O)C1CSSCC(N)C(=O)NC(CO)C(=O)NC(CC(N)=O)C(=O)NC(CC(C)C)C(=O)NC(CO)C(=O)NC(C(C)O)C(=O)N1)C(C)C)C(=O)NC(CO)C(=O)NC(CCC(N)=O)C(=O)NC(CCC(=O)O)C(=O)NC(CC(C)C)C(=O)NC(Cc1c[nH]cn1)C(=O)NC(CCCCN)C(=O)NC(CC(C)C)C(=O)NC(CCC(N)=O)C(=O)NC(C(=O)NC(Cc1ccc(O)cc1)C(=O)N1CCCC1C(=O)NC(CCCNC(=N)N)C(=O)NC(C(=O)NC(CC(N)=O)C(=O)NC(C(=O)NCC(=O)NC(CO)C(=O)NCC(=O)NC(C(=O)N1CCCC1C(N)=O)C(C)O)C(C)O)C(C)O)C(C)O,1,BBBFJLBPOGFECG-UHFFFAOYSA-N
O=P(O)(O)C(O)(Cc1cnc2ccccn12)P(=O)(O)O,1,VMMKGHQPQIEGSQ-UHFFFAOYSA-N
COc1ccc(-c2nc3cc(C(C)(C)C)ccc3o2)cc1OC,0,NAMLIOJZKFTYLU-UHFFFAOYSA-N
COC1OC(C)C(NC2OC(CO)C(O)C(O)C2O)C(O)C1O,0,GMOYCSNXYUUFBM-UHFFFAOYSA-N
CNC(=C[N+](=O)[O-])NCCSCc1csc(CN(C)C)n1,1,SGXXNSQHWDMGGP-UHFFFAOYSA-N
CC(O)CN(CC(C)O)N=O,1,MNIGYIKCFSPQRJ-UHFFFAOYSA-N
CCCCCCCCCCCCCCCCCCOCC(CS(=O)(=O)CCOCCO)Oc1ncccn1,0,ROBCYXFLEHUQAI-UHFFFAOYSA-N
O=C(Nc1cccc(O)c1)c1cc(S(=O)(=O)N2CCc3ccccc3C2)cs1,0,KTJBEOJBHFXHGH-UHFFFAOYSA-N
COc1ccc(C2C(C)C(OC(=O)O)N=C3C(Cl)=CC(Cl)=CN32)cc1,0,HDXQXVAZAIBSMH-UHFFFAOYSA-N
Oc1ccc(CC2NCCc3cc(O)c(O)cc32)cc1,1,WZRCQWQRFZITDX-UHFFFAOYSA-N
O=C(O)CC(O)CC(O)C=Cc1c(C2CC2)nc2ccccc2c1-c1ccc(F)cc1,1,VGYFMXBACGZSIL-UHFFFAOYSA-N
COc1ccc(C(=O)COC(=O)c2ccc(Br)cc2F)cc1Cl,0,JRBIQNNLRAUPSN-UHFFFAOYSA-N
O=C(CCCCCC(O)=NO)NCc1ccccc1-c1ccc(C2OC(CN3CCOCC3)CC(c3ccc(CO)cc3)O2)cc1,0,LOIJDBQKKHKXNQ-UHFFFAOYSA-N
CN(C)CCn1c2nc3ccccc3c-2nc2cccnc21,0,ARSMNZWMZVSJFL-UHFFFAOYSA-N
CC(C)N(C(=O)OC(C)(C(=O)O)c1ccccc1)C(C)C,0,LLVBKFXVZMYARW-UHFFFAOYSA-N
CN(Cc1ccc(Cl)s1)CN1C(=O)c2ccccc2C1=O,0,DZCFRVGPAGLTLE-UHFFFAOYSA-N
CCCc1nc2c(C)cc(-c3nc4ccccc4n3C)cc2n1Cc1ccc(-c2ccccc2C(=O)O)cc1,1,RMMXLENWKUUMAY-UHFFFAOYSA-N
CCC(=O)OCC(=O)C1(OC(=O)CC)C(C)CC2C3CCC4=CC(=O)C=CC4(C)C3(F)C(O)CC21C,1,CIWBQSYVNNPZIQ-UHFFFAOYSA-N
NCCc1cnc[nH]1,1,NTYJJOPFIAHURM-UHFFFAOYSA-N
Cc1c2oc3c(C)ccc(C(=O)NC4C(=O)NC(C(C)C)C(=O)N5CCCC5C(=O)N(C)CC(=O)N(C)C(C(C)C)C(=O)OC4C)c3nc-2c(C(=O)NC2C(=O)NC(C(C)C)C(=O)N3CCCC3C(=O)N(C)CC(=O)N(C)C(C(C)C)C(=O)OC2C)c(N)c1=O,1,RJURFGZVJUQBHK-UHFFFAOYSA-N
CC(=O)OCC(=O)C1(O)CCC2C3CC(C)C4=CC(=O)C=CC4(C)C3C(O)CC21C,1,PLBHSZGDDKCEHR-UHFFFAOYSA-N
CC(=O)OC1Cc2ccccc2N(C(N)=O)c2ccccc21,1,QIALRBLEEWJACW-UHFFFAOYSA-N
CN(C)C(=S)SSC(=S)N(C)C,1,KUAZQDVKQLNFPE-UHFFFAOYSA-N
CCC(C)(C)C(=O)OC1CC(C)C=C2C=CC(C)C(CCC3CC(O)CC(=O)O3)C21,1,RYMZZMVNJRMUDD-UHFFFAOYSA-N
CCC(=C(c1ccccc1)c1ccc(OCCN(C)C)cc1)c1ccccc1,1,NKANXQFJJICGDU-UHFFFAOYSA-N
CC12CC3CC(C)(C1)CC(N)(C3)C2,1,BUGYDGFZZOZRHP-UHFFFAOYSA-N
CC(=O)CCCCn1c(=O)c2c(ncn2C)n(C)c1=O,1,BYPFEZZEUUWMEJ-UHFFFAOYSA-N
C[N+]1(C)CCC(OC(=O)C(O)(c2ccccc2)C2CCCC2)C1,1,ANGKOCUUWGHLCE-UHFFFAOYSA-N
CCCCc1ccc(C(=O)NC(C(=O)Nc2nnc(-c3cccc(OC)c3)s2)C(C)C)cc1,0,SQVACOIGVMVTDD-UHFFFAOYSA-N
Cc1cc(=O)c(C(=O)Nc2ccc(F)cc2F)c(-c2cccc(Br)c2)o1,0,QMACJJNJZIXJDO-UHFFFAOYSA-N
O=C1COCc2cc(Br)ccc21,0,ASAGKWXSKFPRQW-UHFFFAOYSA-N
CC(C)CC(NC(=O)C(Cc1ccc2ccccc2c1)NC(=O)C(Cc1ccc(O)cc1)NC(=O)C(CO)NC(=O)C(Cc1c[nH]c2ccccc12)NC(=O)C(Cc1cnc[nH]1)NC(=O)C1CCC(=O)N1)C(=O)NC(CCCN=C(N)N)C(=O)N1CCCC1C(=O)NCC(N)=O,1,RWHUEXWOYVBUCI-UHFFFAOYSA-N
CN(C)CCOC(c1ccccc1)c1ccccc1,1,ZZVUWRFHKOJYTH-UHFFFAOYSA-N
O=C(O)CCCC(=O)NCc1cccc(-c2cccc(C3OC(CN4CCC(O)(c5ccc(Cl)cc5)CC4)CC(c4ccc(CO)cc4)O3)c2)c1,0,HTKAEQPSGZOFHG-UHFFFAOYSA-N
CCc1ccc(-c2onc(C)c2N=Nc2ccc(S(=O)(=O)Nc3ccccc3)cc2)cc1,0,CXMNJNQVJXSHKO-UHFFFAOYSA-N
COc1ccccc1NC(=O)Nc1ccc(N2CCC(C)CC2)c(C(=O)NC2CC2)c1,0,MAKWPFWIVUNDRR-UHFFFAOYSA-N
CC(C)OC(=O)C(C)(C)Oc1ccc(C(=O)c2ccc(Cl)cc2)cc1,1,YMTINGFKWWXKFG-UHFFFAOYSA-N
ClC(Cl)(Cl)Cl,1,VZGDMQKNWNREIO-UHFFFAOYSA-N
CC(=O)OCC(=O)C1(O)CCC2C3CCC4=CC(=O)CCC4(C)C3(F)C(O)CC21C,1,SYWHXTATXSMDSB-UHFFFAOYSA-N
O=c1c2ccccc2[nH]c2ccc(Oc3ccc(C(F)(F)F)cc3[N+](=O)[O-])cc12,0,GBHOVCCCKUMDBR-UHFFFAOYSA-N
Nc1nc2c(c(=O)[nH]1)N(C=O)C(CNc1ccc(C(=O)NC(CCC(=O)O)C(=O)O)cc1)CN2,1,VVIAGPKUTFNRDU-UHFFFAOYSA-N
CC(C)(C)N(O)C([Ge]c1ccccc1)c1ccccc1,0,GVDMFZAAMNIYFU-UHFFFAOYSA-N
CCC(C)C(NC(=O)C(CC(C)C)NC(=O)C(CO)NC(=O)C(Cc1cnc[nH]1)NC(=O)C(NC(=O)C(CC(C)C)NC(=O)C(CO)NC(=O)C(NC(=O)C(Cc1ccc(O)cc1)NC(C)=O)C(C)O)C(C)CC)C(=O)NC(CCC(=O)O)C(=O)NC(CCC(=O)O)C(=O)NC(CO)C(=O)NC(CCC(N)=O)C(=O)NC(CC(N)=O)C(=O)NC(CCC(N)=O)C(=O)NC(CCC(N)=O)C(=O)NC(CCC(=O)O)C(=O)NC(CCCCN)C(=O)NC(CC(N)=O)C(=O)NC(CCC(=O)O)C(=O)NC(CCC(N)=O)C(=O)NC(CCC(=O)O)C(=O)NC(CC(C)C)C(=O)NC(CC(C)C)C(=O)NC(CCC(=O)O)C(=O)NC(CC(C)C)C(=O)NC(CC(=O)O)C(=O)NC(CCCCN)C(=O)NC(Cc1c[nH]c2ccccc12)C(=O)NC(C)C(=O)NC(CO)C(=O)NC(CC(C)C)C(=O)NC(Cc1c[nH]c2ccccc12)C(=O)NC(CC(N)=O)C(=O)NC(Cc1c[nH]c2ccccc12)C(=O)NC(Cc1ccccc1)C(N)=O,1,PEASPLKKXBYDKL-UHFFFAOYSA-N
CC(C)(C)NCC(O)c1ccc(O)c(CO)c1,1,NDAUXUAQIAJITI-UHFFFAOYSA-N
Cn1c(=O)c2[nH]cnc2n(C)c1=O,1,ZFXYFBGIUFBOJW-UHFFFAOYSA-N
C=C(CC(C(=O)OCC)C(=O)OCC)[S+]([O-])c1ccccc1,0,QJDXXLPRCOBIQB-UHFFFAOYSA-N
CNC(CC(C)C)C(=O)NC(C(=O)N(C)C(C)C(=O)NC(C)C(=O)OCc1ccccc1)C(C)C,0,BQNLGKLZQJNOCC-UHFFFAOYSA-N
CC(=O)Nc1ccc(NC(=O)c2ccn(COc3ccc(Cl)cc3)n2)cc1,0,LTHVIPGOPOLLGP-UHFFFAOYSA-N
CC(CCc1ccccc1)NCC(O)c1ccc(O)c(C(N)=O)c1,1,SGUAFYQXFOLMHL-UHFFFAOYSA-N
CN(C)c1ccc(O)c2c1CC1CC3C(N(C)C)C(=O)C(C(N)=O)C(=O)C3(O)C(=O)C1C2=O,1,ZZZRUAITSXLWBH-UHFFFAOYSA-N
Cc1ccc(N2C(=O)C(Cc3ccccc3Cl)SC2=C(C#N)C(=O)Nc2ccccc2)cc1,0,WIYKRNRJDWWRGI-UHFFFAOYSA-N
CCC(C)C(NC(=O)C(CC(C)C)NC(=O)CN)C(=O)NC(CO)C(=O)O,0,WLYBHOJZZISCBQ-UHFFFAOYSA-N
CC(C=CC1=C(C)CCCC1(C)C)=CC=CC(C)=CCO,1,FPIPGXGPPPQFEQ-UHFFFAOYSA-N
CCCCCCCCCCCCCCCCOc1ccc(C(=O)N(Cc2cccc[n+]2CC)C(=O)c2ccccc2)cc1OC,0,ARNBUQDHZKYAHA-UHFFFAOYSA-N
c1ccc(-c2cnc(CSc3nnc(C4CCCCC4)o3)o2)cc1,0,AUYLSTGNURQHGC-UHFFFAOYSA-N
COC1=C(OC)C(=O)C(CC=C(C)CCC=C(C)CCC=C(C)CCC=C(C)CCC=C(C)CCC=C(C)CCC=C(C)CCC=C(C)CCC=C(C)CCC=C(C)C)=C(C)C1=O,1,ACTIUHUUMQJHFO-UHFFFAOYSA-N
O=C(COC(=O)c1cccc2ccccc12)Nc1cccc([N+](=O)[O-])c1,0,RCTVKZYADSTBSQ-UHFFFAOYSA-N
COC(=O)C(OC(C)=O)c1cc2ccccc2n1C,0,WGYYPIJWCFLBDW-UHFFFAOYSA-N
CCOC(=O)C(C(=O)OCC)c1ncnc(N)c1N,0,HASSKIPTLJMOFC-UHFFFAOYSA-N
O=C(NCc1ccccc1)C(CC(=NCc1ccccc1)c1ccc(-c2ccccc2)cc1)c1c[nH]c2ccccc12,0,RBBDSLDBKUORBS-UHFFFAOYSA-N
CN(C)CCC=C1c2ccccc2C=Cc2ccccc21,1,JURKNVYFZMSNLP-UHFFFAOYSA-N
CCc1ccccc1NC(C)c1nnc(SC(C)C(=O)Nc2ccccc2)n1CC,0,NXKCVXSYIVPLRA-UHFFFAOYSA-N
COc1cccc(C2(O)CCCCC2CN(C)C)c1,1,TVYLLZQTGLZFBW-UHFFFAOYSA-N
COc1cc[nH]c1C=C1C(=O)Nc2cccc(Br)c21,0,PWXJGBGMFAEGDO-UHFFFAOYSA-N
Cc1ccc(C=NNC(=O)c2sccc2OCc2ccc(F)cc2)cc1,0,XEKIUFWQTGGNHT-UHFFFAOYSA-N
O=C(c1ccccc1)c1c(-c2ccccc2)c(-c2ccccc2)n(Nc2ccccc2)c1-c1ccccc1,0,JIOFDASRWRMSEN-UHFFFAOYSA-N
Cc1cc(C)n(-c2nc(Nc3ccccc3)c3ccccc3n2)n1,0,GLWUGSGVMNPFLG-UHFFFAOYSA-N
CC(C(=O)NC(=O)NC12CC3CC(CC(C3)C1)C2)N(C)CC(=O)Nc1ccc(F)cc1,0,UIXDUGRJJFNETM-UHFFFAOYSA-N
O=C1Cc2c([nH]c3ccc(Br)cc23)-c2ccccc2N1,1,QQUXFYAWXPMDOE-UHFFFAOYSA-N
Cc1ccccc1COc1ccc(-c2nc(N)ncc2-c2ccc(Cl)cc2)c(O)c1,0,VNMAVQOVMHQEAC-UHFFFAOYSA-N
CC(C)(C)[Si](C)(C)OCC1(CO[Si](C)(C)C(C)(C)C)COc2cc(C#CCO)cc3c(=O)c(C(=O)NCc4ccc(Cl)cc4)cn1c23,0,PZAFKDGHIBFTHB-UHFFFAOYSA-N
CCN=[N+]([O-])CC,1,SZOHWYCBDJPVGO-UHFFFAOYSA-N
Nc1nc(=O)n(C2CSC(CO)O2)cc1F,1,XQSPYNMVSIKCOC-UHFFFAOYSA-N
O=C(NC1CCCc2ccccc21)c1ccc(CSc2nc[nH]n2)cc1,0,DCJOZOCAEDVGME-UHFFFAOYSA-N
Cc1ccccc1C(=O)Nc1ccc(N2CCN(C(=O)c3ccccc3C)CC2)cc1,0,VORMDQPSEJNTRX-UHFFFAOYSA-N
C1COCCO1,1,RYHBNJHYFVUHQT-UHFFFAOYSA-N
C=C1C(=CC=C2CCCC3(C)C2CCC3C(C)CCCC(C)(C)O)CC(O)C(OCCCO)C1O,1,FZEXGDDBXLBRTD-UHFFFAOYSA-N
O=c1[nH]c2ccccc2n1CCCN1CCC(n2c(=O)[nH]c3cc(Cl)ccc32)CC1,1,FGXWKSZFVQUSTL-UHFFFAOYSA-N
O=C(O)CN1C(=O)C(=O)N(Cc2ccc(Br)cc2)C1=O,0,TULPCDKRQVZSRZ-UHFFFAOYSA-N
CN(C)C(=O)CSc1ccccc1C(=O)N1CC[NH+](Cc2ccsc2)CC1,0,PIGFUEHECWTVNQ-UHFFFAOYSA-O
O=[N+]([O-])c1ccc(NC(=S)N2CCCC(O)C2)cc1,0,JXTDWAZUZLPSFO-UHFFFAOYSA-N
BrCCBr,1,PAAZPARNPHGIKF-UHFFFAOYSA-N
COC(=O)C1C(OC(=O)c2ccccc2)CC2CCC1N2C,1,ZPUCINDJVBIVPJ-UHFFFAOYSA-N
N#Cc1c(-c2ccc(Cl)cc2)[nH]c(C(F)(F)F)c1Br,1,XNFIRYXKTXAHAC-UHFFFAOYSA-N
CN(C)CCCC1(c2ccc(F)cc2)OCc2cc(C#N)ccc21,1,WSEQXVZVJXJVFP-UHFFFAOYSA-N
CC1(C)N([O-])c2cc(C3OCCO3)ccc2[N+]1=O,0,KOIBOVZDQRDXAM-UHFFFAOYSA-N
CC12CCC(=O)C=C1CCC1C2CCC2(C)C(O)CCC12,1,MUMGGOZAMZWBJJ-UHFFFAOYSA-N
CC1=NC(C)=C(C(=O)OCCc2ccccc2)C(c2cccc([N+](=O)[O-])c2)C1C(=O)OCCc1ccccc1,0,LIRVFNMNQMSBJL-UHFFFAOYSA-N
CC12CCC(OC(=O)Nc3ccccc3)CC1=CCC1C2CCC2(C)C(=NOC(=O)Nc3ccccc3)CCC12,0,VSUCFBFLXLOUDT-UHFFFAOYSA-N
Cc1ccccc1S(=O)(=O)NC(=O)N1CCC(N2CCC(Oc3ccc(Cl)cc3Cl)CC2)CC1,0,PHVOHKKANUOFGH-UHFFFAOYSA-N
CC(=O)C=O,1,AIJULSRZWUXGPQ-UHFFFAOYSA-N
COCC(=O)O,1,RMIODHQZRUFFFF-UHFFFAOYSA-N
CCN(CC)CCCC(C)Nc1ccnc2cc(Cl)ccc12,1,WHTVZRBIWZFKQO-UHFFFAOYSA-N
Cc1cc2c(s1)Nc1ccccc1N=C2N1CCN(C)CC1,1,KVWDHTXUZHCGIO-UHFFFAOYSA-N
Cc1[nH]c2ccccc2c1C=NNC(=O)CNC(=O)COc1ccccc1,0,KDQGAPGXCHOZNE-UHFFFAOYSA-N
Brc1c(NC2=NCCN2)ccc2nccnc12,1,XYLJNLCSTIOKRM-UHFFFAOYSA-N
CCC(C)n1ncn(-c2ccc(N3CCN(c4ccc(OCC5COC(Cn6cncn6)(c6ccc(Cl)cc6Cl)O5)cc4)CC3)cc2)c1=O,1,VHVPQPYKVGDNFY-UHFFFAOYSA-N
CC(=O)OC1C=C(C(C)C2CC(C)=C(C)C(=O)O2)C2(C)CCC3C(CC4OC45C(O)C=CC(=O)C35C)C12O,0,PLPXOWZTDPJPHC-UHFFFAOYSA-N
CCOc1cc(C=C2N=C(c3ccc(Br)cc3)OC2=O)cc(Br)c1OC(=O)CC,0,JZMZPSIVHUEJFK-UHFFFAOYSA-N
Cc1cc(N2C(=O)c3oc4cc(C)c(C)cc4c(=O)c3C2c2ccncc2)no1,0,ODWUYUVZRTTXSR-UHFFFAOYSA-N
O=C1c2ccccc2NC(c2ccsc2)N1c1ccccc1,0,LUJWCEWQDACPJZ-UHFFFAOYSA-N
Cc1ccc(C)c(NCC(=O)Nc2ccc(Br)cc2)c1,0,RENBYUJMHYFYLE-UHFFFAOYSA-N
COc1ccc(-c2nnc(SCC(=O)NC3CCCCCCC3)n2N)cc1,0,UXNRIHDDFCNELH-UHFFFAOYSA-N
CC(C)(C)OC(=O)N(OC1CCOC1=O)C(=O)OC(C)(C)C,0,WMNVUWIKWIKTIL-UHFFFAOYSA-N
NS(=O)(=O)c1cc2c(cc1Cl)NCNS2(=O)=O,1,JZUFKLXOESDKRF-UHFFFAOYSA-N
Cc1cc(C)cc(N2C(=O)CSC2c2ccc(NC(=O)CCC3CCCC3)cc2)c1,0,VYOWEYVMKHAZBJ-UHFFFAOYSA-N
CC(C=CC=C(C)C=CC1=C(C)CC(O)CC1(C)C)=CC=CC=C(C)C=CC=C(C)C=CC1C(C)=CC(O)CC1(C)C,1,KBPHJBAIARWVSC-UHFFFAOYSA-N
Cc1nnc(C(C)C)n1C1CC2CCC(C1)N2CCC(NC(=O)C1CCC(F)(F)CC1)c1ccccc1,1,GSNHKUDZZFZSJB-UHFFFAOYSA-N
Brc1ccc(Oc2ccc(Br)cc2Br)c(Br)c1,1,XYBSIYMGXVUVGY-UHFFFAOYSA-N
Cc1cccc(Nc2ccccc2C(=O)O)c1C,1,HYYBABOKPJLUIN-UHFFFAOYSA-N
C#CC1(OCC(O)CN2CCOCC2)CCCCC1,0,VGTBPGJNRSGULI-UHFFFAOYSA-N
CC1(C)CC2C3=CCC4C5(C)CCC(O)C(C)(C=O)C5CCC4(C)C3(C)CCC2(C(=O)O)CC1O,0,MFGKQCGZFKURGT-UHFFFAOYSA-N
C=CC(C=C)C(O)c1ccco1,0,YKADHVZOUWUULT-UHFFFAOYSA-N
CC1CC2C3CC(F)C4=CC(=O)C=CC4(C)C3(F)C(O)CC2(C)C1(O)C(=O)SCF,1,MGNNYOODZCAHBA-UHFFFAOYSA-N
C=CCOC12Oc3ccc(OCCSc4ccccc4)cc3C3C(CCCCO)C(CCCCO)C=C(C(=NOCc4ccc([N+](=O)[O-])cc4)CC1N(C)C(=O)C=Cc1ccc([N+](=O)[O-])cc1)C32,0,WLQGAKUBZUAFEM-UHFFFAOYSA-N
CCn1cc(-c2cc(C(=O)Nc3cnn(COc4ccc(C)cc4C)c3)c3ccccc3n2)c(C)n1,0,XQQCIPMSALLACS-UHFFFAOYSA-N
CC(C)C(C(=O)[O-])N1C(=O)C(=Cc2ccc(O)c(O)c2)SC1=S,0,XPTBCUSOMKPWCT-UHFFFAOYSA-M
CCC(C)C(NC(=O)C(C)NC(=O)C(CC(=O)O)NC(=O)C(C)NC(=O)C(N)Cc1cnc[nH]1)C(=O)NC(Cc1ccccc1)C(=O)NC(C(=O)NC(CO)C(=O)NC(CO)C(=O)NC(Cc1ccc(O)cc1)C(=O)NC(CCCNC(=N)N)C(=O)NC(CCCNC(=N)N)C(=O)NC(C(=O)NC(CC(C)C)C(=O)NCC(=O)NC(CCC(N)=O)C(=O)NC(CC(C)C)C(=O)NC(Cc1ccc(O)cc1)C(=O)NC(C)C(=O)NC(CCCNC(=N)N)C(=O)NC(CCCCN)C(=O)NC(CC(C)C)C(=O)NC(CC(C)C)C(=O)NC(Cc1cnc[nH]1)C(=O)NC(CCC(=O)O)C(=O)NC(C(=O)NC(CCSC)C(=O)NC(CC(=O)O)C(=O)NC(CCCNC(=N)N)C(=O)NC(CCC(N)=O)C(=O)NC(CCC(N)=O)C(=O)NCC(=O)NC(CCC(=O)O)C(=O)NC(CCCNC(=N)N)C(=O)NC(CC(N)=O)C(=O)NC(CCC(N)=O)C(=O)NC(CCC(=O)O)C(=O)NC(CCC(N)=O)C(=O)NC(CCCNC(=N)N)C(=O)NC(CO)C(=O)NC(CCCNC(=N)N)C(=O)NC(Cc1ccccc1)C(=O)NC(CC(N)=O)C(=O)O)C(C)CC)C(C)CC)C(C)O,1,ORNDKVCWLUZAQL-UHFFFAOYSA-N
CC12CC(=O)CC(C=O)C1CCC2=O,0,LRMQAPMLHUVJCL-UHFFFAOYSA-N
O=C(CSc1nc2cc(Cl)ccc2c(=O)n1C1CCCC1)c1ccc(O)cc1O,0,XZKYNFLCDOWXRO-UHFFFAOYSA-N
O=C(O)c1cc(NCc2ccc(F)cc2)ccc1N1CCOCC1,0,AKJUBTFFJQNMQZ-UHFFFAOYSA-N
[O-2],1,AHKZTVQIVOEVFO-UHFFFAOYSA-N
CC1COC2=C1C(=O)C(=O)c1c2ccc2c1CCCC2(C)C,1,GVKKJJOMQCNPGB-UHFFFAOYSA-N
COc1ccc(CC(=O)N2CC3CC(C2)c2ccc(NC(=O)Nc4ccccc4)c(=O)n2C3)cc1,0,PJDPWIRLQLPENL-UHFFFAOYSA-N
Nc1ccn(C2CSC(CO)O2)c(=O)n1,1,JTEGQNOMFQHVDC-UHFFFAOYSA-N
C=CCOC(=O)C1=CC(c2ccc(C(=O)OC)cc2)C(CCCO)C(OCC)O1,0,BGJNESGFYCYSSN-UHFFFAOYSA-N
O=c1cc(-c2ccccc2)oc(=O)[nH]1,0,TUHRSLFVEJPHTH-UHFFFAOYSA-N
O=C1CC(c2nc3ccccc3[nH]2)CN1c1cccc2ccccc12,0,CEVLVWKLFYVNIV-UHFFFAOYSA-N
CCN1C(=O)C(O)(CC(=O)c2ccc(F)cc2)c2ccccc21,0,SPGKJQKFWGZGCP-UHFFFAOYSA-N
Cc1ccc(S(=O)(=O)NC(=O)c2cccnc2)cc1,0,WCMNIGILCBJFMB-UHFFFAOYSA-N
CCCCCC(O)C=CC1C(O)CC2OC(=CCCCC(=O)O)CC21,1,KAQKFAOMNZTLHT-UHFFFAOYSA-N
CN1CCCC(n2nc(Cc3ccc(Cl)cc3)c3ccccc3c2=O)CC1,1,MBUVEWMHONZEQD-UHFFFAOYSA-N
CC(=CC(=O)OCCCCCCCCC(=O)O)CC1OCC(CC2OC2C(C)C(C)O)C(O)C1O,1,MINDHVHHQZYEEK-UHFFFAOYSA-N
C[N+]1(C)C2CC(OC(=O)C(O)(c3cccs3)c3cccs3)CC1C1OC12,1,LERNTVKEWCAPOY-UHFFFAOYSA-N
CCN(C)N=O,1,RTDCJKARQCRONF-UHFFFAOYSA-N
CCOC(=O)C1=c2oc(=O)c(=Cc3ccc(F)cc3)n2-c2oc(N)nc2C1c1ccc(F)cc1,0,UDAQSAYBUNLTED-UHFFFAOYSA-N
Oc1ccc(C(=C(Cl)Cl)c2ccc(O)cc2)cc1,1,OWEYKIWAZBBXJK-UHFFFAOYSA-N
CCOC(=O)CNC(=O)NCc1cccc(-c2ccc(C3OC(CSc4nccn4C)C(C)C(c4ccc(CO)cc4)O3)cc2)c1,0,TUJFPMDBURLIBN-UHFFFAOYSA-N
COC(=O)c1ccc(OCc2ccc(C(=O)Nc3ccccc3C#N)o2)cc1,0,RYBNVDTUVXKPKS-UHFFFAOYSA-N
CCCC(=O)OC1(C(=O)CCl)C(C)CC2C3CCC4=CC(=O)C=CC4(C)C3(F)C(=O)CC21C,1,FBRAWBYQGRLCEK-UHFFFAOYSA-N
CN(c1ccccc1)c1ccc(C=NN=C(C(=O)c2ccccc2)c2ccccc2)cc1,0,DRFCRLBDMDXTCO-UHFFFAOYSA-N
O=S(=O)(O)c1ccc2c(O)c(N=Nc3ccccn3)ccc2c1,0,HFSUZKBNYHHSMI-UHFFFAOYSA-N
CN1CCN(CCn2c(=O)nc(NC(CCC3CCCC3)C(=O)NC(C#N)Cc3cscn3)c3ccccc32)CC1,0,BSKSCYIJIYUYIV-UHFFFAOYSA-N
O=C(O)c1cc(N=Nc2ccc(S(=O)(=O)Nc3ccccn3)cc2)ccc1O,1,NCEXYHBECQHGNR-UHFFFAOYSA-N
O=C(O)CCc1nc(-c2ccccc2)c(-c2ccccc2)o1,1,OFPXSFXSNFPTHF-UHFFFAOYSA-N
CCCCCN(C)CCC(O)(P(=O)(O)O)P(=O)(O)O,1,MPBVHIBUJCELCL-UHFFFAOYSA-N
CC(I)C1OCC(CO)O1,1,LTINPJMVDKPJJI-UHFFFAOYSA-N
CCCC1(CCc2ccccc2)CC(=O)C(C(CC)c2cccc(NS(=O)(=O)c3ccc(C(F)(F)F)cn3)c2)C(=O)O1,1,MYXACKZCYFKMTE-UHFFFAOYSA-N
CC1CCOC2Cn3cc(C(=O)NCc4ccc(F)cc4F)c(=O)c(O)c3C(=O)N12,1,RHWKPHLQXYSBKR-UHFFFAOYSA-N
CCOCCn1c(C2CCN(CCc3ccc(C(C)(C)C(=O)O)cc3)CC2)nc2ccccc21,1,ACCMWZWAEFYUGZ-UHFFFAOYSA-N
Cc1ccc(NC(=O)CN(C)C(=O)COC(=O)c2cc(C)oc2C)cc1,0,ZXDHDHBWKHCCPN-UHFFFAOYSA-N
CC(C)[N+]1(C)C2CCC1CC(OC(=O)C(CO)c1ccccc1)C2,1,OEXHQOGQTVQTAT-UHFFFAOYSA-N
O=C(O)c1cc(=O)c2c(OCC(O)COc3cccc4oc(C(=O)O)cc(=O)c34)cccc2o1,1,IMZMKUWMOSJXDT-UHFFFAOYSA-N
CCCC(C)NC(=O)C(c1cccc(C)c1O)N(C)C(=O)C(CS)NC(=O)OC(C)(C)C,0,HEHZVTWCINAVGQ-UHFFFAOYSA-N
C=C(C)CCC(=O)C[S+]([O-])c1ccc(C)cc1,0,FDSSWAICMKKOTB-UHFFFAOYSA-N
CCOC(=O)c1cc(-c2ccccc2)sc1NC(=S)Nc1cc(C)ccn1,0,GKICENBQLWJWFF-UHFFFAOYSA-N
C=CCOc1ccc(C=NNc2nc3c(c(=O)n(C)c(=O)n3C)n2Cc2ccccc2)cc1,0,HJQXJSAEOXLBPK-UHFFFAOYSA-N
CC(Cn1cnc2c(N)ncnc21)OCP(=O)(O)O,1,SGOIRFVFHAKUTI-UHFFFAOYSA-N
C=COC(C)=O,1,XTXRWKRVRITETP-UHFFFAOYSA-N
COC(=O)C(NC(=O)C(CC(C)C)NC(=O)N(CC(C)C)CC(O)C(Cc1ccccc1)NC(=O)OC(C)(C)C)C(C)C,0,PFIYLBKREQQNAW-UHFFFAOYSA-N
CC(C)CC(CN)CC(=O)O,1,AYXYPKUFHZROOJ-UHFFFAOYSA-N
CCCC[N+]1(C)C2CC(OC(=O)C(CO)c3ccccc3)CC1C1OC12,1,YBCNXCRZPWQOBR-UHFFFAOYSA-N
COc1ccc(C(=O)NN=Cc2c(C)nn(Cc3ccccc3)c2C)cc1OC,0,GJNIBHPVDPRTLR-UHFFFAOYSA-N
Cc1csc(C(=O)c2[nH]c3ccc(Cl)cc3c2CC(=O)[O-])n1,0,QRPCOTHMNUSSAE-UHFFFAOYSA-M
COc1ccc(C=NNc2nc(-c3ccc(Sc4ccccc4)cc3)cs2)cc1,0,ZTQKIFHFGUBWGQ-UHFFFAOYSA-N
CC=C1CNC2Cc3c([nH]c4ccccc34)C(c3cc4c5c([nH]c4cc3OC)C3(C(=O)OC)CC4CC(CC)C3N(CC5)C4)CC1C2C(=O)OC,0,PIUQMWWFBLVDEE-UHFFFAOYSA-N
CCC(=O)C(CC(C)N1CCCCC1)(c1ccccc1)c1ccccc1,1,SVDHSZFEQYXRDC-UHFFFAOYSA-N
CCN(CC)C[Ge](C)(C)C,0,RWVUASUVOMSCAU-UHFFFAOYSA-N
O=C(O)CNCP(=O)(O)O,1,XDDAORKBJWWYJS-UHFFFAOYSA-N
CCN1CCN(C(=O)c2nn(C)cc2C(=O)O)CC1,0,WLMBQPXZMUOJEC-UHFFFAOYSA-N
O=C1NC(Cn2ccc(=O)[nH]c2=O)C(=O)NC1Cc1c[nH]cn1,0,CTHUSXVMFRCRFY-UHFFFAOYSA-N
CCN(CC)C(=O)c1ccc2c(c1)Oc1ccccc1C2=C1CC2CCC(C1)N2,1,MISSUZBVOCUXTG-UHFFFAOYSA-N
Cc1ccc(NC(=S)NNS(=O)(=O)c2cc(C)c(Cl)cc2C)cc1C,0,LAEMMPFXNDYWFX-UHFFFAOYSA-N
COc1c(C)cc(I)c(I)c1C,0,NDUBETBPVFVDSW-UHFFFAOYSA-N
C(#CC([Se]c1ccccc1)[Se]c1ccccc1)Sc1ccccc1,0,MATJSQQCXPXZQH-UHFFFAOYSA-N
NC1C(O)OC(CO)C(O)C1O,1,MSWZFWKMSRAUBD-UHFFFAOYSA-N
ClCc1ccc(OCc2ccccc2COc2ccc(CCl)cc2)cc1,0,OHOIYYLWZRYNJC-UHFFFAOYSA-N
CCCCCCCCN(CCCCCCCC)CCCCCCCC,0,XTAZYLNFDRKIHJ-UHFFFAOYSA-N
CC(=O)OCC(=O)C1(O)CCC2C3CCC4=CC(=O)CCC4(C)C3C(=O)CC21C,1,ITRJWOMZKQRYTA-UHFFFAOYSA-N
CC(=O)N1CCN(c2ccc(OCC3COC(Cn4ccnc4)(c4ccc(Cl)cc4Cl)O3)cc2)CC1,1,XMAYWYJOQHXEEK-UHFFFAOYSA-N
CC(C)(C)c1ccc(NC(=O)CCc2ncc(-c3ccccc3F)o2)cc1,0,JIBCOCDRBPDFHQ-UHFFFAOYSA-N
CCN(C(C)=O)c1cccc(-c2ccnc3c(C#N)cnn23)c1,1,HUNXMJYCHXQEGX-UHFFFAOYSA-N
NS(=O)(=O)Cc1noc2ccccc12,1,UBQNRHZMVUUOMG-UHFFFAOYSA-N
O=C([O-])CC([NH2+]Cc1ccco1)C(=O)Nc1ccc2ccccc2c1,0,DHWSGDNAYWAWOV-UHFFFAOYSA-N
ClCOCCl,1,HRQGCQVOJVTVLU-UHFFFAOYSA-N
Cc1cc(=O)c(C(=O)Nc2ccc(Cl)cc2)nn1-c1cccc(C(F)(F)F)c1,0,IWGSUYALUHUFLM-UHFFFAOYSA-N
NCCCCC(NC(CCc1ccccc1)C(=O)O)C(=O)N1CCCC1C(=O)O,1,RLAWWYSOJDYHDC-UHFFFAOYSA-N
CCCN1CC(CSC)CC2c3cccc4[nH]cc(c34)CC21,1,YEHCICAEULNIGD-UHFFFAOYSA-N
CCC(Cl)C(=O)[O-],0,RVBUZBPJAGZHSQ-UHFFFAOYSA-M
CC(C)N1C(=O)SC(=Cc2ccc(I)cc2)C1=O,0,OAKVAUDWALWOLO-UHFFFAOYSA-N
COc1ccccc1CNC(=O)c1cc(-c2ccccc2)on1,1,JDNAIBCYTQGWFC-UHFFFAOYSA-N
Cc1nn(CCC#N)c2c1P(=S)(N1CCOCC1)N(C)C(c1ccccc1F)=N2,0,NIJOZYNMDYNWEY-UHFFFAOYSA-N
CC(=NO)C(=O)NCCC[N+](C)(C)C,0,GNBPSDDCQDRGNF-UHFFFAOYSA-O
CC(NC(=O)OC(C)(C)C)C(=O)NCC(=O)O,0,PBGVVLQMNSPMKN-UHFFFAOYSA-N
CS(=O)(=O)OCCCCOS(C)(=O)=O,1,COVZYZSDYWQREU-UHFFFAOYSA-N
CCOc1ccccc1C=C1CCn2c1nc1ccc([N+](=O)[O-])cc1c2=O,0,WFCYNMQHACFRMU-UHFFFAOYSA-N
O=c1[nH]cnc2c1ncn2C1CCC(CO)O1,1,BXZVVICBKDXVGW-UHFFFAOYSA-N
Cc1ccccc1-n1nc(SC(C)C(=O)NCc2ccccc2)sc1=S,0,GRGGIQDAEJXRJT-UHFFFAOYSA-N
COc1ccc2nc([S+]([O-])Cc3ncc(C)c(OC)c3C)[nH]c2c1,1,SUBDBMMJDZJVOS-UHFFFAOYSA-N
CCc1oc2cc(O)ccc2c(=O)c1Oc1cc(C)cc(C)c1,0,WFOZHXIZZMCPFM-UHFFFAOYSA-N
Cn1nnc(-c2ccc(F)cc2)c1CCC1CC(O)CC(=O)O1,0,KJKQHSHWHMDHMY-UHFFFAOYSA-N
CC(C)CC(c1ccco1)C(CO)NS(=O)(=O)c1ccc(Br)cc1,0,PLOIDUDZDFQDIO-UHFFFAOYSA-N
CCOCc1cc(C(=O)Nc2ccc(CC)cc2)ccc1OC,0,JUGPOPBYLSOGJD-UHFFFAOYSA-N
O=C(C(Sc1ccccc1)c1ccccc1)N1CCN(Cc2nc(=O)c3ccccc3[nH]2)CC1,0,WOBYWRPGYZTQQZ-UHFFFAOYSA-N
CC(=O)OC(C)Cc1cccc(-c2ccccc2)c1CC(C)OC(C)=O,0,XAGOGCBLGQHDHB-UHFFFAOYSA-N
CCC1(CCCO)CSc2ccccc2C(c2ccccc2)N1,0,BTCRNPLIVQUCIN-UHFFFAOYSA-N
CC(=O)OCC(=O)C1(O)CCC2C3CCC4=CC(=O)C=CC4(C)C3C(=O)CC21C,1,MOVRKLZUVNCBIP-UHFFFAOYSA-N
COc1cc(C(=O)OC(C)C(=O)Nc2cc(C)ccc2OC)ccc1C,0,DHUBPBAARYRQSS-UHFFFAOYSA-N
Cc1ccc(C([NH2+]C(C)C(=O)NC2CCCCC2)c2cccs2)cc1,0,NTECMOFONOXOKV-UHFFFAOYSA-O
CN(C)CCC=C1c2ccccc2CSc2ccccc21,1,PHTUQLWOUWZIMZ-UHFFFAOYSA-N
CSCCC(NC(=O)C(CO)NC(=O)C(Cc1ccc(O)cc1)NC(=O)C(N)CO)C(=O)NC(CCC(=O)O)C(=O)NC(Cc1cnc[nH]1)C(=O)NC(Cc1ccccc1)C(=O)NC(CCCNC(=N)N)C(=O)NC(Cc1c[nH]c2ccccc12)C(=O)NCC(=O)NC(CCCCN)C(=O)N1CCCC1C(=O)NC(C(=O)NCC(=O)NC(CCCCN)C(=O)NC(CCCCN)C(=O)NC(CCCNC(=N)N)C(=O)NC(CCCNC(=N)N)C(=O)N1CCCC1C(=O)NC(C(=O)NC(CCCCN)C(=O)NC(C(=O)NC(Cc1ccc(O)cc1)C(=O)N1CCCC1C(=O)NC(CC(N)=O)C(=O)NCC(=O)NC(C)C(=O)NC(CCC(=O)O)C(=O)NC(CC(=O)O)C(=O)NC(CCC(=O)O)C(=O)NC(CO)C(=O)NC(C)C(=O)NC(CCC(=O)O)C(=O)NC(C)C(=O)NC(Cc1ccccc1)C(=O)N1CCCC1C(=O)NC(CC(C)C)C(=O)NC(CCC(=O)O)C(=O)NC(Cc1ccccc1)C(=O)O)C(C)C)C(C)C)C(C)C,1,IDLFZVILOHSSID-UHFFFAOYSA-N
COc1ccc(CN2C(=O)c3c(O)c4c(n3CC2(C)C)CCN(Cc2ccc(F)cc2)C4=O)cc1OC,0,WNXVJNNYBSLFGN-UHFFFAOYSA-N
COc1ccc(-c2nnc(SCC(=O)Nc3c(C)cc(I)cc3C)o2)cc1,0,FQEZBLSBHSAAFA-UHFFFAOYSA-N
CCOc1cc(C(CS(C)(=O)=O)N2C(=O)c3cccc(NC(C)=O)c3C2=O)ccc1OC,1,IMOZEMNVLZVGJZ-UHFFFAOYSA-N
CCOP(=S)(OCC)Oc1nc(Cl)c(Cl)cc1Cl,1,SBPBAQFWLVIOKP-UHFFFAOYSA-N
O=[N+]([O-])C1=Cc2ccccc2OC1c1ccc(Cl)cc1Cl,0,LELZIUWMWZLACW-UHFFFAOYSA-N
CC(C)NC(=O)C1CC1c1ccccc1,0,DDEQUIASKFRODF-UHFFFAOYSA-N
Cc1cc([N+](=O)[O-])c(Cl)cc1NC(=O)CCCCC(=O)Nc1cc(Cl)c([N+](=O)[O-])cc1C,0,JZIADHQATXXOKK-UHFFFAOYSA-N
CSC(C)(N=[N+]=[N-])C1CCCCC1,0,UCUASBKLYMLYHK-UHFFFAOYSA-N
COc1ccc(OC)c2cc3c(cc12)C1OC3C2=C1CCC(OC(=O)c1ccc([N+](=O)[O-])cc1)(C(C)=O)C2,0,FRILXKYRAGJWQD-UHFFFAOYSA-N
CC1(C(=O)N2CCOCC2)Cc2ccccc2C(=O)O1,0,GBTQGIHHQLNMJN-UHFFFAOYSA-N
OCc1cc(C(O)CNCCCCCCOCCCCc2ccccc2)ccc1O,1,GIIZNNXWQWCKIB-UHFFFAOYSA-N
CN(C)CCC=C1c2ccccc2Sc2ccc(Cl)cc21,1,WSPOMRSOLSGNFJ-UHFFFAOYSA-N
COc1cccc(CNC(=O)c2ccccc2C)c1,0,FUYATSCPYPSXDL-UHFFFAOYSA-N
O=c1oc2ccccc2c(O)c1Cc1c(O)c2ccccc2oc1=O,1,DOBMPNYZJYQDGZ-UHFFFAOYSA-N
C=C(C=C(OC)O[Si](C)(C)C)OC,0,IXZKGTYBQWJMGE-UHFFFAOYSA-N
O=C(CCl)Nc1ccc(Cl)c([N+](=O)[O-])c1,0,ZIPYLYIONLWUPU-UHFFFAOYSA-N
O=C(C=Cc1ccccc1)Nc1ccccc1C(=O)NCCc1ccccc1,0,LWAYXGMQQVJGQR-UHFFFAOYSA-N
CCC1CCc2c(sc(NC(=O)Nc3ccc(Cl)cc3)c2C#N)C1,0,IFIWRPBWTARAQA-UHFFFAOYSA-N
CCOC(=O)C1C(c2ccc(OC)cc2)=NOC(OC2CC(C)CCC2C(C)C)C1C1C(c2ccc(OC)cc2)=NOC(OC2CC(C)CCC2C(C)C)C1c1ccc2c(c1)OCO2,0,PDLINADCTUUXES-UHFFFAOYSA-N
O=[N+]([O-])c1cc(C2SCCN2S(=O)(=O)c2ccccc2)ccc1Cl,0,UZZKEWSHKCWTBX-UHFFFAOYSA-N
COc1cc(C=C2C(=O)NN(c3ccccc3)C2=O)cc(Cl)c1OCc1cccc(C(=O)O)c1,0,HAUDUWDZFXGUFR-UHFFFAOYSA-N
[N-]=[N+]=NC(=O)c1sc2cc3c(cc2c1Cl)OCO3,0,OKYLYUORPJBRMT-UHFFFAOYSA-N
CC(C)=CCN1CCC2(C)c3cc(O)ccc3CC1C2C,1,VOKSWYLNZZRQPF-UHFFFAOYSA-N
C(=Cc1nc(C2SCCS2)co1)c1ccccc1,0,QSWOPCUIRVERJI-UHFFFAOYSA-N
CC(C)CN(CC(O)C(Cc1ccccc1)NC(=O)OC1COC2OCCC12)S(=O)(=O)c1ccc(N)cc1,1,CJBJHOAVZSMMDJ-UHFFFAOYSA-N
CCN(CC)C(=O)c1cccnc1,1,NCYVXEGFNDZQCU-UHFFFAOYSA-N
C=C(C)CCOCCC,0,OUEGNGIBFSVMJV-UHFFFAOYSA-N
Nc1nc2ncc(CNc3ccc(C(=O)NC(CCC(=O)O)C(=O)O)cc3)nc2c(=O)[nH]1,1,OVBPIULPVIDEAO-UHFFFAOYSA-N
CC(C)(C)C(=O)OCOP(=O)(COCCn1cnc2c(N)ncnc21)OCOC(=O)C(C)(C)C,1,WOZSCQDILHKSGG-UHFFFAOYSA-N
Cc1cccc(C(=O)Nc2ncccn2)c1[N+](=O)[O-],0,PKEHBDOVDXEQPP-UHFFFAOYSA-N
NC(=O)C[S+]([O-])C(c1ccccc1)c1ccccc1,1,YFGHCGITMMYXAQ-UHFFFAOYSA-N
CC(=O)c1c(C)ccc2c1CCC2,0,SFWQOKOYOLTKTE-UHFFFAOYSA-N
Nc1nnc(-c2cccc(Cl)c2Cl)c(N)n1,1,PYZRQGJRPPTADH-UHFFFAOYSA-N
CC12CCC3c4ccc(OS(=O)(=O)O)cc4CCC3C1CCC2=O,1,JKKFKPJIXZFSSB-UHFFFAOYSA-N
CC(=O)Nc1nnc(S(N)(=O)=O)s1,1,BZKPWHYZMXOIDC-UHFFFAOYSA-N
O=S(=O)(O)CCS,1,ZNEWHQLOPFWXOF-UHFFFAOYSA-N
CN1CCN(CCCN2c3ccccc3Sc3ccc(Cl)cc32)CC1,1,WIKYUJGCLQQFNW-UHFFFAOYSA-N
CC1CCCCC1NC(=O)CSc1nc(-c2ccc(Cl)cc2)c[nH]1,0,UUHRDBUSGYEVIR-UHFFFAOYSA-N
O=C(CSc1ncccn1)NC(=O)Nc1ccccc1F,0,CKQGQDGEQGAESF-UHFFFAOYSA-N
O=C(c1ccccc1)c1ccc2n1CCC2C(=O)O,1,OZWKMVRBQXNZKK-UHFFFAOYSA-N
CN(C)N=O,1,UMFJAHHVKNCGLG-UHFFFAOYSA-N
C=C1C(=CC=C2CCCC3(C)C2CCC3C(C)CCCC(C)(C)O)CC(O)CC1O,1,GMRQFYUYWCNGIN-UHFFFAOYSA-N
O=C(Cn1nnc(-c2ccc(F)cc2)n1)NN=Cc1ccc(OCc2ccccc2F)cc1,0,ULWJEFDECRHGJF-UHFFFAOYSA-N
OCC1OC(OC2(CO)OC(CO)C(O)C2O)C(O)C(O)C1O,1,CZMRCDWAGMRECN-UHFFFAOYSA-N
CC12C=CC(=O)C=C1CCC1C2C(O)CC2(C)C1CCC2(O)C(=O)COP(=O)(O)O,1,JDOZJEUDSLGTLU-UHFFFAOYSA-N
CCN(CC)CCOC(=O)C1(C2CCCCC2)CCCCC1,1,CURUTKGFNZGFSE-UHFFFAOYSA-N
CC(C)P(=[Se])(N=P([Se])(C(C)C)C(C)C)C(C)C,0,JPXFAANSYOKLMT-UHFFFAOYSA-N
CCC(=O)OC(Cc1ccccc1)(c1ccccc1)C(C)CN(C)C,1,XLMALTXPSGQGBX-UHFFFAOYSA-N
Cc1cccc(NC(=O)C2C3C=CC(O3)C2C(=O)[O-])c1,0,MIBGMNUMVPBPAF-UHFFFAOYSA-M
Cc1ccc(C(=O)NN=Cc2ccc(Cl)s2)o1,0,KEFVBEYZYLZTPQ-UHFFFAOYSA-N
N=C(N)c1ccc(-c2ccc(-c3ccc(C(=N)N)cn3)o2)nc1,0,YIOIBLVIGXIOMG-UHFFFAOYSA-N
Cc1cccc(CN2CCN(C(c3ccccc3)c3ccc(Cl)cc3)CC2)c1,1,OCJYIGYOJCODJL-UHFFFAOYSA-N
O=C(O)CC1CCCOC1C(=O)O,0,BLMVIWYQSNYWSC-UHFFFAOYSA-N
Cc1c(O)cccc1C(=O)NC(CSc1ccccc1)C(O)CN1CC2CCCCC2CC1C(=O)NC(C)(C)C,1,QAGYKUNXZHXKMR-UHFFFAOYSA-N
CCOc1ccc(-c2nnc(SC(C)C(=O)NCC(C)C)n2N)cc1,0,CHBNHBSNDCYMRN-UHFFFAOYSA-N
CN(C)C1C(=O)C(C(N)=O)C(=O)C2(O)C(=O)C3C(=O)c4c(O)cccc4C(C)(O)C3CC12,1,MUHBBHLZPHKTTR-UHFFFAOYSA-N
CC(=NNC(=O)CCC(=O)NN=C(C)c1ccccc1)c1ccccc1,0,PQRQNFMPMZRTLJ-UHFFFAOYSA-N
CCN(C)C(=O)Oc1cccc(C(C)N(C)C)c1,1,XSVMFMHYUFZWBK-UHFFFAOYSA-N
O=C(NCC(=O)N(c1cccc(F)c1)C(C(=O)NC1CCCC1)c1cccnc1)c1cccs1,0,NTUAEFWGODYTFR-UHFFFAOYSA-N
CC(=O)NC1C(O)OC(COS(=O)(=O)O)C(OC2OC(C(=O)O)C(OC3OC(CO)C(OC4OC(C(=O)O)C(O)C(O)C4OS(=O)(=O)O)C(OS(=O)(=O)O)C3NS(=O)(=O)O)C(O)C2OS(=O)(=O)O)C1O,1,HTTJABKRGRZYRN-UHFFFAOYSA-N
C=C1C(CO)C(O)CC1n1cnc2c(=O)[nH]c(N)nc21,1,QDGZDCVAUDNJFG-UHFFFAOYSA-N
COc1ccccc1C(=O)OCC(=O)NCC(N)=O,0,OZWDTTPFJQKBRV-UHFFFAOYSA-N
NCC1(CC(=O)O)CCCCC1,1,UGJMXCAKCUNAIE-UHFFFAOYSA-N
CCCC[N+](CCCC)(CCCC)CCCC,0,DZLFLBLQUQXARW-UHFFFAOYSA-N
CCN(Cc1cccc(F)c1)C(=O)COC(=O)c1cc(C(=O)OC)cc([N+](=O)[O-])c1,0,OOEMXTYOPBZKKD-UHFFFAOYSA-N
COC1C2CC3CC(C2)C2(OCCO2)C1C3,0,QDHWDFCAIODDTI-UHFFFAOYSA-N
COc1ccc(S(=O)(=O)N(C)CC(=O)NCC2CCCO2)cc1C,0,LNHKDCBZFLBNQY-UHFFFAOYSA-N
CC1=NN(c2ccc(C(=O)O)cc2)C(=O)C1=Cc1ccc(OCC(=O)O)cc1,0,PJKSHSVPPIPSRX-UHFFFAOYSA-N
Cc1cn(C2CC(N=[N+]=[N-])C(CO)O2)c(=O)[nH]c1=O,1,HBOMLICNUCNMMY-UHFFFAOYSA-N
CCN(CC)C(=S)SSC(=S)N(CC)CC,1,AUZONCFQVSMFAP-UHFFFAOYSA-N
CC(NC(=O)OCc1ccccc1)C1CCC(NC(=O)OCc2ccccc2)C(OC2C(NC(=O)OCc3ccccc3)CC(O)C(N(C)C(=O)CNC(=O)C(Cn3ccc4ccccc43)NC(=O)OCc3ccccc3)C2O)O1,0,WIPCOBFWMCOLMX-UHFFFAOYSA-N
CC(=O)C1(O)CCC2C3CC(C)C4=CC(=O)CCC4(C)C3CCC21C,1,FRQMUZJSZHZSGN-UHFFFAOYSA-N
Cc1cc2c(c(CC3(c4ccccc4)CCCCN3N)c1)OC(C)(C)C2,0,HOPIEOONAOZSRA-UHFFFAOYSA-N
CC(=O)OCC12CC(OC(=O)CC(C)C)C(C)=CC1OC1C(O)C(OC(C)=O)C2(C)C12CO2,1,BXFOFFBJRFZBQZ-UHFFFAOYSA-N
COc1ccccc1CNC(=O)C1CCN(S(=O)(=O)Cc2ccc(C)cc2)CC1,0,CZNZYQMHRBFGTO-UHFFFAOYSA-N
O=c1c2cc(Br)ccc2n(CCCCOCc2ccccc2)c2ccc(Br)cc12,0,BYRWBVMRJLOZTD-UHFFFAOYSA-N
CC(C)=CC(O)C1SCCCS1,0,UCJSBMLZZSKAHK-UHFFFAOYSA-N
C=CCN1CC(C(=O)N(CCCN(C)C)C(=O)NCC)CC2c3cccc4[nH]cc(c34)CC21,1,KORNTPPJEAJQIU-UHFFFAOYSA-N
N#Cc1ccc(C(c2ccc(C#N)cc2)n2cncn2)cc1,1,HPJKCIUCZWXJDR-UHFFFAOYSA-N
CCN(CCO)CCCC(C)Nc1ccnc2cc(Cl)ccc12,1,XXSMGPRMXLTPCZ-UHFFFAOYSA-N
CC(C)(C#N)c1cc(Cn2cncn2)cc(C(C)(C)C#N)c1,1,YBBLVLTVTVSKRW-UHFFFAOYSA-N
CC(C)C(N)C(=O)OCCOCn1cnc2c(=O)[nH]c(N)nc21,1,HDOVUKNUBWVHOX-UHFFFAOYSA-N
Nc1nc(NCCNc2ccccc2)c([N+](=O)[O-])c(-c2ccco2)n1,0,QJUMYIZITRSQRS-UHFFFAOYSA-N
c1ccc2c(c1)cc1ccc3cccc4ccc2c1c34,1,FMMWHPNWAFZXNH-UHFFFAOYSA-N
CCN(C(=O)CN(C)c1ccc2ccccc2c1)c1ccccc1,0,RPAZCQAXUZNKQJ-UHFFFAOYSA-N
NC(=O)c1ncn(C2OC(CO)C(O)C2O)c1O,1,HZQDCMWJEBCWBR-UHFFFAOYSA-N
CS(=O)(=O)N1CCc2c(c(-c3ccc(C(F)(F)F)cc3)nn2CCCN2CCC(c3c(OC(=O)NCCN4CCOCC4)sc4cc(F)ccc34)CC2)C1,0,ZLEOIFXZDFVWFK-UHFFFAOYSA-N
O=C(O)COCCN1CCN(C(c2ccccc2)c2ccc(Cl)cc2)CC1,1,ZKLPARSLTMPFCP-UHFFFAOYSA-N
COc1cc(C=CC(=O)N(CCO)c2c(N)n(Cc3ccccc3)c(=O)[nH]c2=O)ccc1OCC#N,0,BXELULGKRQFYHM-UHFFFAOYSA-N
CCCCCCS(=O)(=O)CCCCC,0,ZFQHFZOQIGMHDD-UHFFFAOYSA-N
CN1C(=O)C(O)N=C(c2ccccc2)c2cc(Cl)ccc21,1,SEQDDYPDSLOBDC-UHFFFAOYSA-N
CC(NCCc1ccc(O)cc1)C(O)c1ccc(O)cc1,1,IOVGROKTTNBUGK-UHFFFAOYSA-N
C=CCCCCSc1nc2ccc(NC(=O)CCC(=O)O)cc2s1,0,VUVXMNZAKZEHPP-UHFFFAOYSA-N
O=c1c(C=Nn2cnnc2)coc2ccccc12,0,OAORZDSUUIAIOI-UHFFFAOYSA-N
CC(C)NCC(O)COc1ccc(CC(N)=O)cc1,1,METKIMKYRPQLGS-UHFFFAOYSA-N
COc1ccc2[nH]cc(CCNC(C)=O)c2c1,1,DRLFMBDRBRZALE-UHFFFAOYSA-N
CNC1CCC(c2ccc(Cl)c(Cl)c2)c2ccccc21,1,VGKDLMBJGBXTGI-UHFFFAOYSA-N
CC12CCC3c4ccc(O)cc4CCC3C1CCC2O,1,VOXZDWNPVJITMN-UHFFFAOYSA-N
CC(C)NC(=O)CN1C(=O)NC(C)(c2cccc3ccccc23)C1=O,0,JSWJLEDMEBNPQI-UHFFFAOYSA-N
CC12CCC(=O)C=C1CCC1C3CCC(O)(C(=O)CO)C3(C)CC(O)C12F,1,AAXVEMMRQDVLJB-UHFFFAOYSA-N
COc1ccc(NC(=O)CN2CCC(Cc3ccccc3)CC2)cc1Cl,0,UFKHRCGPROBICQ-UHFFFAOYSA-N
CNCC(O)c1ccc(O)c(O)c1,1,UCTWMZQNUQWSLP-UHFFFAOYSA-N
CN1C(=O)CN=C(c2ccccc2)c2cc(Cl)ccc21,1,AAOVKJBEBIDNHE-UHFFFAOYSA-N
O=C(O)c1ccc(C=NN=C(C(=O)c2ccccc2)c2ccccc2)cc1,0,RVEFDAGYJKOHCQ-UHFFFAOYSA-N
CS(=O)(=O)Nc1ccc(NS(C)(=O)=O)c(Cl)c1Cl,0,UTUVUAQSLVITOP-UHFFFAOYSA-N
CC(C)CCCC(C)C1CCC2C3=C(CCC21C)C1(C)CCC(O)CC1=CC3,1,VUKORTMHZDZZFR-UHFFFAOYSA-N
CN(C)CCOc1ccc(C(=C(CCCl)c2ccccc2)c2ccccc2)cc1,1,XFCLJVABOIYOMF-UHFFFAOYSA-N
O=C(O)CC(S)C(=O)O,1,NJRXVEJTAYWCQJ-UHFFFAOYSA-N
CN(C)P(=O)(N(C)C)N(C)C,1,GNOIPBMMFNIUFM-UHFFFAOYSA-N
Cc1cc(C)n(-c2nc3c(c(=O)n(Cc4ccc(Cl)cc4Cl)c(=O)n3C)n2CC(C)C)n1,0,UXKGOBDUSHEEHA-UHFFFAOYSA-N
CC(C)CCOc1ccccc1C(=O)NNC(=O)CCC(=O)Nc1ccc(Cl)cc1Cl,0,HDRSKSFTJAAJRX-UHFFFAOYSA-N
CC(=C)C1CCC2(C1C3CCC4C5(CCC(C(C5CCC4(C3(CC2)C)C)(C)C)O)C)C(=O)O,0,QGJZLNKBHJESQX-UHFFFAOYSA-N
